#
# A fatal error has been detected by the Java Runtime Environment:
#
#  SIGBUS (0xa) at pc=0x0000000108f379f4, pid=31049, tid=51715
#
# JRE version: OpenJDK Runtime Environment Zulu21.50+19-CA (21.0.11+10) (build 21.0.11+10-LTS)
# Java VM: OpenJDK 64-Bit Server VM Zulu21.50+19-CA (21.0.11+10-LTS, mixed mode, emulated-client, sharing, tiered, compressed oops, compressed class ptrs, g1 gc, bsd-aarch64)
# Problematic frame:
# V  [libjvm.dylib+0x1db9f4]  Runtime1::is_instance_of(oopDesc*, oopDesc*)+0x60
#
# No core dump will be written. Core dumps have been disabled. To enable core dumping, try "ulimit -c unlimited" before starting Java again
#
# If you would like to submit a bug report, please visit:
#   http://www.azul.com/support/
#

---------------  S U M M A R Y ------------

Command Line: -agentlib:jdwp=transport=dt_socket,address=127.0.0.1:49976,suspend=y,server=n -javaagent:/Users/mamengyang/Library/Caches/JetBrains/IntelliJIdea2026.1/captureAgent/debugger-agent.jar=file:///var/folders/7d/0ry9_q1n4bg69f1d7hk7vyq00000gn/T/capture11228297198972876056.props -XX:TieredStopAtLevel=1 -Dspring.output.ansi.enabled=always -Dcom.sun.management.jmxremote -Dspring.jmx.enabled=true -Dspring.liveBeansView.mbeanDomain -Dspring.application.admin.enabled=true -Dmanagement.endpoints.jmx.exposure.include=* -Dkotlinx.coroutines.debug.enable.creation.stack.trace=false -Ddebugger.agent.enable.coroutines=true -Dkotlinx.coroutines.debug.enable.flows.stack.trace=true -Dkotlinx.coroutines.debug.enable.mutable.state.flows.stack.trace=true -Ddebugger.async.stack.trace.for.all.threads=true -Dfile.encoding=UTF-8 -Dsun.stdout.encoding=UTF-8 -Dsun.stderr.encoding=UTF-8 com.codespar.CodeSparApplication

Host: "Mac16,10" arm64, 10 cores, 16G, Darwin 25.5.0, macOS 26.5.1 (25F80)
Time: Sun Sep  6 20:39:02 2026 CST elapsed time: 210.394073 seconds (0d 0h 3m 30s)

---------------  T H R E A D  ---------------

Current thread (0x0000000be6327800):  JavaThread "ForkJoinPool-1-worker-7" daemon [_thread_in_Java, id=51715, stack(0x0000000175de4000,0x0000000175fe7000) (2060K)]

Stack: [0x0000000175de4000,0x0000000175fe7000],  sp=0x0000000175fe60d0,  free space=2056k
Native frames: (J=compiled Java code, j=interpreted, Vv=VM code, C=native code)
V  [libjvm.dylib+0x1db9f4]  Runtime1::is_instance_of(oopDesc*, oopDesc*)+0x60
J 1648 c1 java.lang.invoke.VarHandleReferences$FieldInstanceReadWrite.compareAndSet(Ljava/lang/invoke/VarHandle;Ljava/lang/Object;Ljava/lang/Object;Ljava/lang/Object;)Z java.base@21.0.11 (48 bytes) @ 0x0000000112abae24 [0x0000000112abacc0+0x0000000000000164]
J 1643 c1 java.lang.invoke.VarHandleGuards.guard_LLL_Z(Ljava/lang/invoke/VarHandle;Ljava/lang/Object;Ljava/lang/Object;Ljava/lang/Object;Ljava/lang/invoke/VarHandle$AccessDescriptor;)Z java.base@21.0.11 (86 bytes) @ 0x0000000112abcbdc [0x0000000112abc5c0+0x000000000000061c]
j  java.util.concurrent.CompletableFuture.completeValue(Ljava/lang/Object;)Z+16 java.base@21.0.11
j  java.util.concurrent.CompletableFuture$AsyncSupply.run$$$capture()V+42 java.base@21.0.11
J 7150  jdk.internal.vm.Continuation.enterSpecial(Ljdk/internal/vm/Continuation;ZZ)V java.base@21.0.11 (0 bytes) @ 0x000000011283ed24 [0x000000011283ec40+0x00000000000000e4]
j  jdk.internal.vm.Continuation.run()V+152 java.base@21.0.11
j  java.lang.VirtualThread.runContinuation()V+72 java.base@21.0.11
j  java.lang.VirtualThread$$Lambda+0x000000c00181d0a0.run()V+4 java.base@21.0.11
j  java.util.concurrent.ForkJoinTask$RunnableExecuteAction.exec()Z+4 java.base@21.0.11
j  java.util.concurrent.ForkJoinTask.doExec$$$capture()I+10 java.base@21.0.11
j  java.util.concurrent.ForkJoinTask.doExec()I+5 java.base@21.0.11
j  java.util.concurrent.ForkJoinPool$WorkQueue.topLevelExec(Ljava/util/concurrent/ForkJoinTask;Ljava/util/concurrent/ForkJoinPool$WorkQueue;)V+19 java.base@21.0.11
J 7154 c1 java.util.concurrent.ForkJoinPool.scan(Ljava/util/concurrent/ForkJoinPool$WorkQueue;II)I java.base@21.0.11 (263 bytes) @ 0x000000011283d9e0 [0x000000011283d6c0+0x0000000000000320]
j  java.util.concurrent.ForkJoinPool.runWorker(Ljava/util/concurrent/ForkJoinPool$WorkQueue;)V+35 java.base@21.0.11
j  java.util.concurrent.ForkJoinWorkerThread.run()V+31 java.base@21.0.11
v  ~StubRoutines::call_stub 0x0000000112690154
V  [libjvm.dylib+0x4bde24]  JavaCalls::call_helper(JavaValue*, methodHandle const&, JavaCallArguments*, JavaThread*)+0x3e0
V  [libjvm.dylib+0x4bcd54]  JavaCalls::call_virtual(JavaValue*, Klass*, Symbol*, Symbol*, JavaCallArguments*, JavaThread*)+0x140
V  [libjvm.dylib+0x4bce20]  JavaCalls::call_virtual(JavaValue*, Handle, Klass*, Symbol*, Symbol*, JavaThread*)+0x64
V  [libjvm.dylib+0x58e2fc]  thread_entry(JavaThread*, JavaThread*)+0x9c
V  [libjvm.dylib+0x4d24a4]  JavaThread::thread_main_inner()+0x98
V  [libjvm.dylib+0xa1163c]  Thread::call_run()+0xc8
V  [libjvm.dylib+0x831b40]  thread_native_entry(Thread*)+0x118
C  [libsystem_pthread.dylib+0x6c58]  _pthread_start+0x88

siginfo: si_signo: 10 (SIGBUS), si_code: 1 (BUS_ADRALN), si_addr: 0x000000c00573e280

Registers:
 x0=0x000000c00573e250  x1=0x000000c000000eb0  x2=0x000000070371b5d0  x3=0x0000000000000000
 x4=0x0000000be0a06580  x5=0x0000000701ef10e0  x6=0x00000007008d2d00  x7=0x0000000000000000
 x8=0x0000000000000030  x9=0x0000000000000000 x10=0x000000c000000000 x11=0x0000000000000006
x12=0x000000011c230c20 x13=0x0000000000000000 x14=0x0000000000000000 x15=0x0000000000000000
x16=0x0000000188b56a1c x17=0x0000000bdecac5a0 x18=0x0000000000000000 x19=0x0000000be0a06580
x20=0x0000000175fe6338 x21=0x0000000109ac24d8 x22=0x000000011d9c6ee8 x23=0x0000000112699380
x24=0x0000000175fe63c8 x25=0x0000000175fe6d70 x26=0x000000011d9d28a8 x27=0x0000000000000000
x28=0x0000000be6327800  fp=0x0000000175fe60e0  lr=0x0000000108f379b4  sp=0x0000000175fe60d0
pc=0x0000000108f379f4 cpsr=0x0000000020000000

Register to memory mapping:

x0 =0x000000c00573e250 is an unknown value
x1 =0x000000c000000eb0 is a pointer to class: 
java.lang.Object {0x000000c000000eb0}
 - instance size:     2
 - klass size:        67
 - access:            public synchronized 
 - flags:             rewritten is_shared_boot_class has_localvariable_table has_vanilla_constructor has_final_method has_resolved_methods 
 - state:             fully_initialized
 - name:              'java/lang/Object'
 - super:             null
 - sub:               'org/apache/ibatis/reflection/ExceptionUtil'   'org/apache/ibatis/exceptions/ExceptionFactory'   'java/lang/invoke/LambdaForm$MH+0x000000c0019fdc00'   'java/lang/invoke/LambdaForm$DMH+0x000000c0019fd800'   (10267 more klasses...)
 - arrays:            'java/lang/Object'[]
 - methods:           Array<T>(0x000000c000678270)
 - method ordering:   Array<T>(0x000000c0006782f0)
 - local interfaces:  Array<T>(0x000000c0006782e0)
 - trans. interfaces: Array<T>(0x000000c0006782e0)
 - secondary supers: Array<T>(0x000000c000677e30)
 - hash_slot:         6
 - bitmap:            0x0000000000000000
 - constants:         constant pool [124] {0x000000c000677e40} for 'java/lang/Object' cache=0x000000c0004cfa20
 - class loader data:  loader data: 0x0000000be10a4180 of 'bootstrap'
 - source file:       'Object.java'
 - inner classes:     Array<T>(0x000000c000678268)
 - nest members:     Array<T>(0x000000c000678268)
 - permitted subclasses:     Array<T>(0x000000c000678268)
 - java mirror:       a 'java/lang/Class'{0x00000007008d2d00} = 'java/lang/Object'
 - vtable length      5  (start addr: 0x000000c000001090)
 - itable length      2 (start addr: 0x000000c0000010b8)
 - ---- static fields (0 words):
 - ---- non-static fields (0 words):
 - non-static oop maps: 
x2 =0x000000070371b5d0 is an oop: java.util.concurrent.CompletableFuture 
{0x000000070371b5d0} - klass: 'java/util/concurrent/CompletableFuture'
 - ---- fields (total size 3 words):
 - volatile 'result' 'Ljava/lang/Object;' @12  null (0x00000000)
 - volatile 'stack' 'Ljava/util/concurrent/CompletableFuture$Completion;' @16  a 'java/util/concurrent/CompletableFuture$CoCompletion'{0x000000070371bb88} (0xe06e3771)
x3 =0x0 is null
x4 =0x0000000be0a06580 points into unknown readable memory: 0x000000070573e2e0 | e0 e2 73 05 07 00 00 00
x5 =0x0000000701ef10e0 is an oop: java.lang.invoke.VarHandleReferences$FieldInstanceReadWrite 
{0x0000000701ef10e0} - klass: 'java/lang/invoke/VarHandleReferences$FieldInstanceReadWrite'
 - ---- fields (total size 6 words):
 - final 'exact' 'Z' @12  false (0x00)
 - final 'vform' 'Ljava/lang/invoke/VarForm;' @16  a 'java/lang/invoke/VarForm'{0x00000007004e65f8} (0xe009ccbf)
 - 'methodTypeTable' '[Ljava/lang/invoke/MethodType;' @20  null (0x00000000)
 - 'methodHandleTable' '[Ljava/lang/invoke/MethodHandle;' @24  null (0x00000000)
 - final 'receiverType' 'Ljava/lang/Class;' @28  a 'java/lang/Class'{0x00000007017a8948} = 'java/util/concurrent/CompletableFuture' (0xe02f5129)
 - final 'fieldOffset' 'J' @32  12 (0x000000000000000c)
 - final 'fieldType' 'Ljava/lang/Class;' @40  a 'java/lang/Class'{0x00000007008d2d00} = 'java/lang/Object' (0xe011a5a0)
x6 =0x00000007008d2d00 is an oop: java.lang.Class 
{0x00000007008d2d00} - klass: 'java/lang/Class'
 - ---- fields (total size 14 words):
 - private volatile transient 'classRedefinedCount' 'I' @12  0 (0x00000000)
 - injected 'klass' 'J' @16  824633724592 (0x000000c000000eb0)
 - injected 'array_klass' 'J' @24  824633725680 (0x000000c0000012f0)
 - injected 'oop_size' 'I' @32  14 (0x0000000e)
 - injected 'static_oop_field_count' 'I' @36  0 (0x00000000)
 - private volatile transient 'cachedConstructor' 'Ljava/lang/reflect/Constructor;' @40  null (0x00000000)
 - private transient 'name' 'Ljava/lang/String;' @44  "java.lang.Object"{0x0000000700181660} (0xe00302cc)
 - private transient 'module' 'Ljava/lang/Module;' @48  a 'java/lang/Module'{0x0000000700163470} (0xe002c68e)
 - private final 'classLoader' 'Ljava/lang/ClassLoader;' @52  null (0x00000000)
 - private transient 'classData' 'Ljava/lang/Object;' @56  null (0x00000000)
 - private transient 'packageName' 'Ljava/lang/String;' @60  "java.lang"{0x00000007008dd628} (0xe011bac5)
 - private final 'componentType' 'Ljava/lang/Class;' @64  null (0x00000000)
 - private volatile transient 'reflectionData' 'Ljava/lang/ref/SoftReference;' @68  a 'java/lang/ref/SoftReference'{0x0000000700180848} (0xe0030109)
 - private volatile transient 'genericInfo' 'Lsun/reflect/generics/repository/ClassRepository;' @72  a 'sun/reflect/generics/repository/ClassRepository'{0x00000007000e4798} (0xe001c8f3)
 - private volatile transient 'enumConstants' '[Ljava/lang/Object;' @76  null (0x00000000)
 - private volatile transient 'enumConstantDirectory' 'Ljava/util/Map;' @80  null (0x00000000)
 - private volatile transient 'annotationData' 'Ljava/lang/Class$AnnotationData;' @84  a 'java/lang/Class$AnnotationData'{0x00000007007c2748} (0xe00f84e9)
 - private volatile transient 'annotationType' 'Lsun/reflect/annotation/AnnotationType;' @88  null (0x00000000)
 - transient 'classValueMap' 'Ljava/lang/ClassValue$ClassValueMap;' @92  null (0x00000000)
 - injected 'protection_domain' 'Ljava/lang/Object;' @96  null (0x00000000)
 - injected 'signers_name' 'Ljava/lang/Object;' @100  null (0x00000000)
 - injected 'source_file' 'Ljava/lang/Object;' @104  null (0x00000000)
 - injected '<init_lock>' 'Ljava/lang/Object;' @108  null (0x00000000)
 - signature: Ljava/lang/Object;
 - ---- static fields (0):
x7 =0x0 is null
x8 =0x0000000000000030 is an unknown value
x9 =0x0 is null
x10=0x000000c000000000 is pointing into metadata
x11=0x0000000000000006 is an unknown value
x12={method} {0x000000011c230c20} 'compareAndSet' '(Ljava/lang/invoke/VarHandle;Ljava/lang/Object;Ljava/lang/Object;Ljava/lang/Object;)Z' in 'java/lang/invoke/VarHandleReferences$FieldInstanceReadWrite'
x13=0x0 is null
x14=0x0 is null
x15=0x0 is null
x16=0x0000000188b56a1c: pthread_jit_write_protect_np+0 in /usr/lib/system/libsystem_pthread.dylib at 0x0000000188b4f000
x17=0x0000000bdecac5a0 points into unknown readable memory: 0x00000000ffffffff | ff ff ff ff 00 00 00 00
x18=0x0 is null
x19=0x0000000be0a06580 points into unknown readable memory: 0x000000070573e2e0 | e0 e2 73 05 07 00 00 00
x20=0x0000000175fe6338 is pointing into the stack for thread: 0x0000000be6327800
x21=0x0000000109ac24d8: _ZN19TemplateInterpreter13_active_tableE+0 in /Library/Java/JavaVirtualMachines/zulu-21.jdk/Contents/Home/lib/server/libjvm.dylib at 0x0000000108d5c000
x22=0x000000011d9c6ee8 is pointing into metadata
x23=0x0000000112699380 is at code_begin+0 in an Interpreter codelet
method entry point (kind = zerolocals)  [0x0000000112699380, 0x0000000112699768]  1000 bytes
x24=0x0000000175fe63c8 is pointing into the stack for thread: 0x0000000be6327800
x25=0x0000000175fe6d70 is pointing into the stack for thread: 0x0000000be6327800
x26=0x000000011d9d28a8 is pointing into metadata
x27=0x0 is null
x28=0x0000000be6327800 is a thread
 fp=0x0000000175fe60e0 is pointing into the stack for thread: 0x0000000be6327800
 lr=0x0000000108f379b4: _ZN8Runtime114is_instance_ofEP7oopDescS1_+0x20 in /Library/Java/JavaVirtualMachines/zulu-21.jdk/Contents/Home/lib/server/libjvm.dylib at 0x0000000108d5c000
 sp=0x0000000175fe60d0 is pointing into the stack for thread: 0x0000000be6327800

Top of Stack: (sp=0x0000000175fe60d0)
0x0000000175fe60d0:   0000000175fe6338 0000000175fe6320   8c.u.... c.u....
0x0000000175fe60e0:   0000000175fe63b0 0000000112abae24   .c.u....$.......
0x0000000175fe60f0:   0000000be630bf18 0000000be630bfe8   ..0.......0.....
0x0000000175fe6100:   00000000000000d8 0000000175fe6208   .........b.u....
0x0000000175fe6110:   0000000175fe6290 0000000be6334030   .b.u....0@3.....
0x0000000175fe6120:   0000000bdec76800 0000000bdec76810   .h.......h......
0x0000000175fe6130:   0000000bdec76be8 00000000000003d8   .k..............
0x0000000175fe6140:   0000000be6327800 0000000be6327800   .x2......x2.....
0x0000000175fe6150:   0000000bdec7d900 000000070371b5d0   ..........q.....
0x0000000175fe6160:   0000000701ef10e0 0000000000000000   ................
0x0000000175fe6170:   0000000be0a06580 00000007017a8948   .e......H.z.....
0x0000000175fe6180:   0000000701ef10e0 00000007008d2d00   .........-......
0x0000000175fe6190:   000000000000000c 0000000000000000   ................
0x0000000175fe61a0:   000000011ec84000 0000000175fe6d70   .@......pm.u....
0x0000000175fe61b0:   0000000175fe6448 0000000112699380   Hd.u......i.....
0x0000000175fe61c0:   0000000175fe63b0 0000000112abcbdc   .c.u............
0x0000000175fe61d0:   0000000be6327800 000000011da07f01   .x2.............
0x0000000175fe61e0:   0000000175fe6280 00000001093e437c   .b.u....|C>.....
0x0000000175fe61f0:   0000000000000000 000000011da07f60   ........`.......
0x0000000175fe6200:   0000000be6327800 0000000be6327800   .x2......x2.....
0x0000000175fe6210:   0000000bdec7d900 0000000be630bf00   ..........0.....
0x0000000175fe6220:   0000000be630bf18 0000000be630bfe8   ..0.......0.....
0x0000000175fe6230:   00000000000000d8 0000000175fe6ba8   .........k.u....
0x0000000175fe6240:   000000011ec84000 0000000175fe6d70   .@......pm.u....
0x0000000175fe6250:   0000000175fe6448 0000000112699380   Hd.u......i.....
0x0000000175fe6260:   000000011da07f01 000000011da07f60   ........`.......
0x0000000175fe6270:   0000000000000001 00000008e6327800   .........x2.....
0x0000000175fe6280:   0000000701ef10e0 0000000109211c28   ........(.!.....
0x0000000175fe6290:   0000000704ca62c0 000000070371b5d0   .b........q.....
0x0000000175fe62a0:   0000000000000000 0000000be0a06580   .........e......
0x0000000175fe62b0:   3ff0000000000000 0000000175fe6400   .......?.d.u....
0x0000000175fe62c0:   00000007004e65f8 0000000112698301   .eN.......i.....

Instructions: (pc=0x0000000108f379f4)
0x0000000108f378f4:   c0 4d 00 d0 00 ec 14 91 fd 7b 41 a9 ff 83 00 91
0x0000000108f37904:   c0 03 5f d6 c0 4d 00 d0 00 78 15 91 fd 7b 41 a9
0x0000000108f37914:   ff 83 00 91 c0 03 5f d6 c0 4d 00 d0 00 cc 15 91
0x0000000108f37924:   fd 7b 41 a9 ff 83 00 91 c0 03 5f d6 c0 4d 00 d0
0x0000000108f37934:   00 20 16 91 fd 7b 41 a9 ff 83 00 91 c0 03 5f d6
0x0000000108f37944:   c0 4d 00 d0 00 7c 16 91 fd 7b 41 a9 ff 83 00 91
0x0000000108f37954:   c0 03 5f d6 c0 4d 00 d0 00 d0 16 91 fd 7b 41 a9
0x0000000108f37964:   ff 83 00 91 c0 03 5f d6 c0 4d 00 d0 00 24 17 91
0x0000000108f37974:   fd 7b 41 a9 ff 83 00 91 c0 03 5f d6 c0 4d 00 d0
0x0000000108f37984:   00 78 17 91 fd 7b 41 a9 ff 83 00 91 c0 03 5f d6
0x0000000108f37994:   f4 4f be a9 fd 7b 01 a9 fd 43 00 91 f3 03 01 aa
0x0000000108f379a4:   c8 5b 00 d0 1f 20 03 d5 01 a1 4a b9 7f 0d 19 94
0x0000000108f379b4:   e1 03 00 aa 00 00 80 52 93 02 00 b4 61 02 00 b4
0x0000000108f379c4:   28 5a 00 d0 08 21 0b 91 08 01 40 39 48 02 00 34
0x0000000108f379d4:   68 0a 40 b9 09 5a 00 f0 29 81 3e 91 2a 01 40 f9
0x0000000108f379e4:   29 09 40 b9 08 21 c9 9a 00 01 0a 8b 28 14 40 b9
0x0000000108f379f4:   09 68 68 f8 3f 01 01 eb 80 01 00 54 1f 81 00 71
0x0000000108f37a04:   c1 01 00 54 b1 5b 13 94 fd 7b 41 a9 f4 4f c2 a8
0x0000000108f37a14:   c0 03 5f d6 60 06 40 f9 28 14 40 b9 09 68 68 f8
0x0000000108f37a24:   3f 01 01 eb c1 fe ff 54 20 00 80 52 fd 7b 41 a9
0x0000000108f37a34:   f4 4f c2 a8 c0 03 5f d6 00 00 80 52 fd 7b 41 a9
0x0000000108f37a44:   f4 4f c2 a8 c0 03 5f d6 ff 83 00 d1 fd 7b 01 a9
0x0000000108f37a54:   fd 43 00 91 a8 5a 00 d0 1f 20 03 d5 08 f9 42 f9
0x0000000108f37a64:   e0 03 00 f9 c1 4d 00 d0 21 74 19 91 e0 03 08 aa
0x0000000108f37a74:   13 7c 19 94 fd 7b 41 a9 ff 83 00 91 c0 03 5f d6
0x0000000108f37a84:   f6 57 bd a9 f4 4f 01 a9 fd 7b 02 a9 fd 83 00 91
0x0000000108f37a94:   f5 03 01 aa f3 03 00 aa a0 01 00 b4 74 72 43 b9
0x0000000108f37aa4:   94 00 00 34 7f 72 03 b9 00 00 80 52 a6 67 19 94
0x0000000108f37ab4:   68 52 11 91 c9 00 80 52 09 fd 9f 88 a0 4e 40 f9
0x0000000108f37ac4:   49 23 02 94 20 01 00 b5 16 00 00 14 14 00 80 52
0x0000000108f37ad4:   68 52 11 91 c9 00 80 52 09 fd 9f 88 a0 4e 40 f9
0x0000000108f37ae4:   41 23 02 94 e0 01 00 b4 f6 03 00 aa 60 9a 41 f9


Stack slot to memory mapping:

stack at sp + 0 slots: 0x0000000175fe6338 is pointing into the stack for thread: 0x0000000be6327800
stack at sp + 1 slots: 0x0000000175fe6320 is pointing into the stack for thread: 0x0000000be6327800
stack at sp + 2 slots: 0x0000000175fe63b0 is pointing into the stack for thread: 0x0000000be6327800
stack at sp + 3 slots: 0x0000000112abae24 is at entry_point+356 in (nmethod*)0x0000000112abaa90
Compiled method (c1) 210408 1648       1       java.lang.invoke.VarHandleReferences$FieldInstanceReadWrite::compareAndSet (48 bytes)
 total in heap  [0x0000000112abaa90,0x0000000112abb540] = 2736
 relocation     [0x0000000112ababe0,0x0000000112abac98] = 184
 main code      [0x0000000112abacc0,0x0000000112abb140] = 1152
 stub code      [0x0000000112abb140,0x0000000112abb1b8] = 120
 oops           [0x0000000112abb1b8,0x0000000112abb1c0] = 8
 metadata       [0x0000000112abb1c0,0x0000000112abb218] = 88
 scopes data    [0x0000000112abb218,0x0000000112abb3a8] = 400
 scopes pcs     [0x0000000112abb3a8,0x0000000112abb508] = 352
 dependencies   [0x0000000112abb508,0x0000000112abb518] = 16
 nul chk table  [0x0000000112abb518,0x0000000112abb540] = 40
0x0000000112abadcc:   1f 20 03 d5 1f 00 80 f2 1f 00 80 f2 1f 00 00 71
0x0000000112abaddc:   80 0a 00 54 e4 43 40 f9 e0 03 1f aa 9f 00 00 eb
0x0000000112abadec:   c1 00 00 54 e5 03 04 aa e3 3f 40 f9 e2 37 40 f9
0x0000000112abadfc:   e4 53 40 f9 11 00 00 14 e6 4f 40 f9 df 00 40 f9
0x0000000112abae0c:   e0 03 06 aa e1 03 04 aa 88 32 8f d2 68 1e a1 f2
0x0000000112abae1c:   28 00 c0 f2 00 01 3f d6 1f 20 03 d5 1f 00 80 f2
0x0000000112abae2c:   1f 00 80 f2 1f 00 00 71 60 03 00 54 e4 53 40 f9
0x0000000112abae3c:   e3 97 47 a9 e2 37 40 f9 40 60 24 8b 84 03 41 39
0x0000000112abae4c:   9f 00 00 71 01 14 00 54 6a fc 43 d3 a9 fc 43 d3
0x0000000112abae5c:   e8 03 0a aa 09 fc e8 88 1f 01 0a 6b e8 07 9f 9a
0x0000000112abae6c:   bf 3b 03 d5 04 01 00 52 03 00 05 ca 63 fc 55 d3
0x0000000112abae7c:   7f 00 00 f1 41 13 00 54 80 00 00 12 fd 7b 4d a9
0x0000000112abae8c:   ff 83 03 91 
stack at sp + 4 slots: 0x0000000be630bf18 points into unknown readable memory: 0x000000070371b970 | 70 b9 71 03 07 00 00 00
stack at sp + 5 slots: 0x0000000be630bfe8 points into unknown readable memory: 0x0000000000000000 | 00 00 00 00 00 00 00 00
stack at sp + 6 slots: 0x00000000000000d8 is an unknown value
stack at sp + 7 slots: 0x0000000175fe6208 is pointing into the stack for thread: 0x0000000be6327800


Compiled method (c1) 210413 1648       1       java.lang.invoke.VarHandleReferences$FieldInstanceReadWrite::compareAndSet (48 bytes)
 total in heap  [0x0000000112abaa90,0x0000000112abb540] = 2736
 relocation     [0x0000000112ababe0,0x0000000112abac98] = 184
 main code      [0x0000000112abacc0,0x0000000112abb140] = 1152
 stub code      [0x0000000112abb140,0x0000000112abb1b8] = 120
 oops           [0x0000000112abb1b8,0x0000000112abb1c0] = 8
 metadata       [0x0000000112abb1c0,0x0000000112abb218] = 88
 scopes data    [0x0000000112abb218,0x0000000112abb3a8] = 400
 scopes pcs     [0x0000000112abb3a8,0x0000000112abb508] = 352
 dependencies   [0x0000000112abb508,0x0000000112abb518] = 16
 nul chk table  [0x0000000112abb518,0x0000000112abb540] = 40

[Constant Pool (empty)]

[MachCode]
[Verified Entry Point]
  # {method} {0x000000011c230c20} 'compareAndSet' '(Ljava/lang/invoke/VarHandle;Ljava/lang/Object;Ljava/lang/Object;Ljava/lang/Object;)Z' in 'java/lang/invoke/VarHandleReferences$FieldInstanceReadWrite'
  # parm0:    c_rarg1:c_rarg1 
                        = 'java/lang/invoke/VarHandle'
  # parm1:    c_rarg2:c_rarg2 
                        = 'java/lang/Object'
  # parm2:    c_rarg3:c_rarg3 
                        = 'java/lang/Object'
  # parm3:    c_rarg4:c_rarg4 
                        = 'java/lang/Object'
  #           [sp+0xe0]  (sp of caller)
  0x0000000112abacc0: 1f20 03d5 | e953 40d1 | 3f01 00f9 | ff83 03d1 | fd7b 0da9 | 2801 0018 | 8923 40b9 | 1f01 09eb 
  0x0000000112abace0: e000 0054 | 0830 8bd2 | a84d a2f2 | 2800 c0f2 | 0001 3fd6 | 0200 0014 | 0700 0000 | e14b 00f9 
  0x0000000112abad00: e237 00f9 | e393 07a9 | 2101 00b4 

  0x0000000112abad0c: ;   {metadata('java/lang/invoke/VarHandleReferences$FieldInstanceReadWrite')}
  0x0000000112abad0c: 069b 91d2 | e620 a0f2 | 0618 c0f2 | 2808 40b9 | 0805 5ad2 | 1f01 06eb | a11c 0054 | 0100 0014 
  0x0000000112abad2c: e503 01aa | e53b 00f9 

  0x0000000112abad34: ; implicit exception: dispatches to 0x0000000112abb0c0
  0x0000000112abad34: a61c 40b9 | c6f0 7dd3 | e647 00f9 

  0x0000000112abad40: ; implicit exception: dispatches to 0x0000000112abb0c4
  0x0000000112abad40: df00 40f9 | e003 1faa | 5f00 00eb | a001 0054 | e003 06aa | e103 02aa 

  0x0000000112abad58: ;   {runtime_call Runtime1::is_instance_of(oopDesc*, oopDesc*)}
  0x0000000112abad58: 8832 8fd2 | 681e a1f2 | 2800 c0f2 | 0001 3fd6 

  0x0000000112abad68: ;   {other}
  0x0000000112abad68: 1f20 03d5 | 1f00 80f2 | 1f00 80f2 | 1f00 0071 | 6015 0054 | e237 40f9 | e003 1faa | 5f00 00eb 
  0x0000000112abad88: 8011 0054 | e50f 47a9 | a410 40f9 | e453 00f9 | a628 40b9 | c6f0 7dd3 | e64f 00f9 

  0x0000000112abada4: ; implicit exception: dispatches to 0x0000000112abb0c8
  0x0000000112abada4: df00 40f9 | e003 1faa | 7f00 00eb | 8001 0054 | e003 06aa | e103 03aa 

  0x0000000112abadbc: ;   {runtime_call Runtime1::is_instance_of(oopDesc*, oopDesc*)}
  0x0000000112abadbc: 8832 8fd2 | 681e a1f2 | 2800 c0f2 | 0001 3fd6 

  0x0000000112abadcc: ;   {other}
  0x0000000112abadcc: 1f20 03d5 | 1f00 80f2 | 1f00 80f2 | 1f00 0071 | 800a 0054 | e443 40f9 | e003 1faa | 9f00 00eb 
  0x0000000112abadec: c100 0054 | e503 04aa | e33f 40f9 | e237 40f9 | e453 40f9 | 1100 0014 | e64f 40f9 

  0x0000000112abae08: ; implicit exception: dispatches to 0x0000000112abb0cc
  0x0000000112abae08: df00 40f9 | e003 06aa | e103 04aa 

  0x0000000112abae14: ;   {runtime_call Runtime1::is_instance_of(oopDesc*, oopDesc*)}
  0x0000000112abae14: 8832 8fd2 | 681e a1f2 | 2800 c0f2 | 0001 3fd6 

  0x0000000112abae24: ;   {other}
  0x0000000112abae24: 1f20 03d5 | 1f00 80f2 | 1f00 80f2 | 1f00 0071 | 6003 0054 | e453 40f9 | e397 47a9 | e237 40f9 
  0x0000000112abae44: 4060 248b | 8403 4139 | 9f00 0071 | 0114 0054 | 6afc 43d3 | a9fc 43d3 | e803 0aaa | 09fc e888 
  0x0000000112abae64: 1f01 0a6b | e807 9f9a | bf3b 03d5 | 0401 0052 | 0300 05ca | 63fc 55d3 | 7f00 00f1 | 4113 0054 
  0x0000000112abae84: 8000 0012 | fd7b 4da9 | ff83 0391 

  0x0000000112abae90: ;   {poll_return}
  0x0000000112abae90: 882f 42f9 | ff63 28eb | 0813 0054 | c003 5fd6 | e543 40f9 

  0x0000000112abaea4: ;   {metadata('java/lang/ClassCastException')}
  0x0000000112abaea4: 030c 86d2 | e300 a0f2 | 0318 c0f2 | 80df 40f9 | 0ba0 0091 | 88e7 40f9 | 7f01 08eb | 2812 0054 
  0x0000000112abaec4: 8bdf 00f9 | ea03 40b2 | 0a00 00f9 | 6a04 5ad2 | 0a7c 0129 | 0a40 0091 | 5f01 00f9 | 5ffd 00a9 
  0x0000000112abaee4: bf3a 03d5 | e203 05aa | e14f 40f9 | e057 00f9 

  0x0000000112abaef4: ; ImmutableOopMap {[104]=Oop [112]=Oop [120]=Oop [128]=Oop [144]=Oop [152]=Oop [168]=Oop }
                      ;*invokevirtual cannotCastMsg {reexecute=0 rethrow=0 return_oop=0}
                      ; - java.lang.Class::cast@18 (line 4069)
                      ; - java.lang.invoke.VarHandleReferences$FieldInstanceReadWrite::compareAndSet@41 (line 183)
                      ;   {optimized virtual_call}
  0x0000000112abaef4: a344 f097 

  0x0000000112abaef8: ;   {other}
  0x0000000112abaef8: 1f20 03d5 | 1f8d 80f2 | 1f00 80f2 | e203 00aa | e157 40f9 

  0x0000000112abaf0c: ; ImmutableOopMap {[104]=Oop [112]=Oop [120]=Oop [128]=Oop [144]=Oop [152]=Oop [168]=Oop }
                      ;*invokespecial <init> {reexecute=0 rethrow=0 return_oop=0}
                      ; - java.lang.Class::cast@21 (line 4069)
                      ; - java.lang.invoke.VarHandleReferences$FieldInstanceReadWrite::compareAndSet@41 (line 183)
                      ;   {optimized virtual_call}
  0x0000000112abaf0c: 9d44 f097 

  0x0000000112abaf10: ;   {other}
  0x0000000112abaf10: 1f20 03d5 | 1f90 80f2 | 1f20 80f2 

  0x0000000112abaf1c: ; ImmutableOopMap {c_rarg0=Oop [104]=Oop [112]=Oop [120]=Oop [128]=Oop [144]=Oop [152]=Oop }
                      ;*athrow {reexecute=1 rethrow=0 return_oop=0}
                      ; - (reexecute) java.lang.Class::cast@24 (line 4069)
                      ; - java.lang.invoke.VarHandleReferences$FieldInstanceReadWrite::compareAndSet@41 (line 183)
  0x0000000112abaf1c: e057 40f9 

  0x0000000112abaf20: ;   {section_word}
  0x0000000112abaf20: 0300 0010 

  0x0000000112abaf24: ;   {runtime_call handle_exception_nofpu Runtime1 stub}
  0x0000000112abaf24: 3794 f397 | 1f20 03d5 | e64f 40f9 

  0x0000000112abaf30: ;   {metadata('java/lang/ClassCastException')}
  0x0000000112abaf30: 030c 86d2 | e300 a0f2 | 0318 c0f2 | 80df 40f9 | 0ba0 0091 | 88e7 40f9 | 7f01 08eb | 080e 0054 
  0x0000000112abaf50: 8bdf 00f9 | ea03 40b2 | 0a00 00f9 | 6a04 5ad2 | 0a7c 0129 | 0a40 0091 | 5f01 00f9 | 5ffd 00a9 
  0x0000000112abaf70: bf3a 03d5 | e23f 40f9 | e103 06aa | e05b 00f9 

  0x0000000112abaf80: ; ImmutableOopMap {[104]=Oop [112]=Oop [120]=Oop [128]=Oop [144]=Oop [152]=Oop [176]=Oop }
                      ;*invokevirtual cannotCastMsg {reexecute=0 rethrow=0 return_oop=0}
                      ; - java.lang.Class::cast@18 (line 4069)
                      ; - java.lang.invoke.VarHandleReferences$FieldInstanceReadWrite::compareAndSet@32 (line 182)
                      ;   {optimized virtual_call}
  0x0000000112abaf80: 8044 f097 

  0x0000000112abaf84: ;   {other}
  0x0000000112abaf84: 1f20 03d5 | 9f9e 80f2 | 1f60 80f2 | e203 00aa | e15b 40f9 

  0x0000000112abaf98: ; ImmutableOopMap {[104]=Oop [112]=Oop [120]=Oop [128]=Oop [144]=Oop [152]=Oop [176]=Oop }
                      ;*invokespecial <init> {reexecute=0 rethrow=0 return_oop=0}
                      ; - java.lang.Class::cast@21 (line 4069)
                      ; - java.lang.invoke.VarHandleReferences$FieldInstanceReadWrite::compareAndSet@32 (line 182)
                      ;   {optimized virtual_call}
  0x0000000112abaf98: 7a44 f097 

  0x0000000112abaf9c: ;   {other}
  0x0000000112abaf9c: 1f20 03d5 | 9fa1 80f2 | 1f80 80f2 

  0x0000000112abafa8: ; ImmutableOopMap {c_rarg0=Oop [104]=Oop [112]=Oop [120]=Oop [128]=Oop [144]=Oop [152]=Oop }
                      ;*athrow {reexecute=1 rethrow=0 return_oop=0}
                      ; - (reexecute) java.lang.Class::cast@24 (line 4069)
                      ; - java.lang.invoke.VarHandleReferences$FieldInstanceReadWrite::compareAndSet@32 (line 182)
  0x0000000112abafa8: e05b 40f9 

  0x0000000112abafac: ;   {section_word}
  0x0000000112abafac: 0300 0010 

  0x0000000112abafb0: ;   {runtime_call handle_exception_nofpu Runtime1 stub}
  0x0000000112abafb0: 1494 f397 | 1f20 03d5 

  0x0000000112abafb8: ;   {metadata('java/lang/NullPointerException')}
  0x0000000112abafb8: 03ea 8bd2 | e300 a0f2 | 0318 c0f2 | 80df 40f9 | 0bc0 0091 | 88e7 40f9 | 7f01 08eb | 080a 0054 
  0x0000000112abafd8: 8bdf 00f9 | ea03 40b2 | 0a00 00f9 | 6a04 5ad2 | 0a7c 0129 | 0a40 0091 | 5f7d 00a9 | 5f7d 01a9 
  0x0000000112abaff8: bf3a 03d5 | e103 00aa | e05f 00f9 

  0x0000000112abb004: ; ImmutableOopMap {[104]=Oop [112]=Oop [120]=Oop [128]=Oop [144]=Oop [184]=Oop }
                      ;*invokespecial <init> {reexecute=0 rethrow=0 return_oop=0}
                      ; - java.util.Objects::requireNonNull@8 (line 233)
                      ; - java.lang.invoke.VarHandleReferences$FieldInstanceReadWrite::compareAndSet@18 (line 180)
                      ;   {optimized virtual_call}
  0x0000000112abb004: 5f44 f097 

  0x0000000112abb008: ;   {other}
  0x0000000112abb008: 1f20 03d5 | 1faf 80f2 | 1fc0 80f2 

  0x0000000112abb014: ; ImmutableOopMap {c_rarg0=Oop [104]=Oop [112]=Oop [120]=Oop [128]=Oop [144]=Oop }
                      ;*athrow {reexecute=1 rethrow=0 return_oop=0}
                      ; - (reexecute) java.util.Objects::requireNonNull@11 (line 233)
                      ; - java.lang.invoke.VarHandleReferences$FieldInstanceReadWrite::compareAndSet@18 (line 180)
  0x0000000112abb014: e05f 40f9 

  0x0000000112abb018: ;   {section_word}
  0x0000000112abb018: 0300 0010 

  0x0000000112abb01c: ;   {runtime_call handle_exception_nofpu Runtime1 stub}
  0x0000000112abb01c: f993 f397 | 1f20 03d5 | e647 40f9 | e237 40f9 

  0x0000000112abb02c: ;   {metadata('java/lang/ClassCastException')}
  0x0000000112abb02c: 030c 86d2 | e300 a0f2 | 0318 c0f2 | 80df 40f9 | 0ba0 0091 | 88e7 40f9 | 7f01 08eb | a806 0054 
  0x0000000112abb04c: 8bdf 00f9 | ea03 40b2 | 0a00 00f9 | 6a04 5ad2 | 0a7c 0129 | 0a40 0091 | 5f01 00f9 | 5ffd 00a9 
  0x0000000112abb06c: bf3a 03d5 | e303 02aa | e203 03aa | e103 06aa | e063 00f9 

  0x0000000112abb080: ; ImmutableOopMap {[104]=Oop [112]=Oop [120]=Oop [128]=Oop [136]=Oop [144]=Oop [192]=Oop }
                      ;*invokevirtual cannotCastMsg {reexecute=0 rethrow=0 return_oop=0}
                      ; - java.lang.Class::cast@18 (line 4069)
                      ; - java.lang.invoke.VarHandleReferences$FieldInstanceReadWrite::compareAndSet@15 (line 180)
                      ;   {optimized virtual_call}
  0x0000000112abb080: 4044 f097 

  0x0000000112abb084: ;   {other}
  0x0000000112abb084: 1f20 03d5 | 9fbe 80f2 | 1f00 81f2 | e203 00aa | e163 40f9 

  0x0000000112abb098: ; ImmutableOopMap {[104]=Oop [112]=Oop [120]=Oop [128]=Oop [136]=Oop [144]=Oop [192]=Oop }
                      ;*invokespecial <init> {reexecute=0 rethrow=0 return_oop=0}
                      ; - java.lang.Class::cast@21 (line 4069)
                      ; - java.lang.invoke.VarHandleReferences$FieldInstanceReadWrite::compareAndSet@15 (line 180)
                      ;   {optimized virtual_call}
  0x0000000112abb098: 3a44 f097 

  0x0000000112abb09c: ;   {other}
  0x0000000112abb09c: 1f20 03d5 | 9fc1 80f2 | 1f20 81f2 

  0x0000000112abb0a8: ; ImmutableOopMap {c_rarg0=Oop [104]=Oop [112]=Oop [120]=Oop [128]=Oop [136]=Oop [144]=Oop }
                      ;*athrow {reexecute=1 rethrow=0 return_oop=0}
                      ; - (reexecute) java.lang.Class::cast@24 (line 4069)
                      ; - java.lang.invoke.VarHandleReferences$FieldInstanceReadWrite::compareAndSet@15 (line 180)
  0x0000000112abb0a8: e063 40f9 

  0x0000000112abb0ac: ;   {section_word}
  0x0000000112abb0ac: 0300 0010 

  0x0000000112abb0b0: ;   {runtime_call handle_exception_nofpu Runtime1 stub}
  0x0000000112abb0b0: d493 f397 | 1f20 03d5 | e803 01aa 

  0x0000000112abb0bc: ; ImmutableOopMap {c_rarg1=Oop c_rarg2=Oop c_rarg3=Oop c_rarg4=Oop [104]=Oop [120]=Oop [128]=Oop [144]=Oop }
                      ;*checkcast {reexecute=0 rethrow=0 return_oop=0}
                      ; - java.lang.invoke.VarHandleReferences$FieldInstanceReadWrite::compareAndSet@1 (line 179)
                      ;   {runtime_call throw_class_cast_exception Runtime1 stub}
  0x0000000112abb0bc: d196 f397 

  0x0000000112abb0c0: ; ImmutableOopMap {c_rarg1=Oop c_rarg2=Oop c_rarg3=Oop c_rarg4=Oop c_rarg5=Oop [104]=Oop [112]=Oop [120]=Oop [128]=Oop [144]=Oop }
                      ;*getfield receiverType {reexecute=1 rethrow=0 return_oop=0}
                      ; - (reexecute) java.lang.invoke.VarHandleReferences$FieldInstanceReadWrite::compareAndSet@11 (line 180)
                      ;   {runtime_call throw_null_pointer_exception Runtime1 stub}
  0x0000000112abb0c0: d08d f397 

  0x0000000112abb0c4: ; ImmutableOopMap {c_rarg1=Oop c_rarg2=Oop c_rarg3=Oop c_rarg4=Oop c_rarg5=Oop c_rarg6=Oop [104]=Oop [112]=Oop [120]=Oop [128]=Oop [136]=Oop [144]=Oop }
                      ;*invokevirtual cast {reexecute=0 rethrow=0 return_oop=0}
                      ; - java.lang.invoke.VarHandleReferences$FieldInstanceReadWrite::compareAndSet@15 (line 180)
                      ;   {runtime_call throw_null_pointer_exception Runtime1 stub}
  0x0000000112abb0c4: cf8d f397 

  0x0000000112abb0c8: ; ImmutableOopMap {c_rarg2=Oop c_rarg5=Oop c_rarg3=Oop c_rarg6=Oop [104]=Oop [112]=Oop [120]=Oop [128]=Oop [144]=Oop [152]=Oop }
                      ;*invokevirtual cast {reexecute=0 rethrow=0 return_oop=0}
                      ; - java.lang.invoke.VarHandleReferences$FieldInstanceReadWrite::compareAndSet@32 (line 182)
                      ;   {runtime_call throw_null_pointer_exception Runtime1 stub}
  0x0000000112abb0c8: ce8d f397 

  0x0000000112abb0cc: ; ImmutableOopMap {c_rarg4=Oop c_rarg6=Oop [104]=Oop [112]=Oop [120]=Oop [128]=Oop [144]=Oop [152]=Oop }
                      ;*invokevirtual isInstance {reexecute=0 rethrow=0 return_oop=0}
                      ; - java.lang.Class::cast@6 (line 4068)
                      ; - java.lang.invoke.VarHandleReferences$FieldInstanceReadWrite::compareAndSet@41 (line 183)
                      ;   {runtime_call throw_null_pointer_exception Runtime1 stub}
  0x0000000112abb0cc: cd8d f397 | 0400 40b9 | 84f0 7dd3 | e4eb ffb4 | e403 00f9 

  0x0000000112abb0e0: ;   {runtime_call g1_pre_barrier_slow}
  0x0000000112abb0e0: 08a4 f397 | 5cff ff17 | e5ec ffb4 | e003 00f9 

  0x0000000112abb0f0: ;   {runtime_call g1_post_barrier_slow}
  0x0000000112abb0f0: c4a4 f397 | 64ff ff17 

  0x0000000112abb0f8: ;   {internal_word}
  0x0000000112abb0f8: c8ec ff10 | 883b 02f9 

  0x0000000112abb100: ;   {runtime_call SafepointBlob}
  0x0000000112abb100: 005e f017 

  0x0000000112abb104: ; ImmutableOopMap {c_rarg5=Oop [104]=Oop [112]=Oop [120]=Oop [128]=Oop [144]=Oop [152]=Oop }
                      ;*new {reexecute=0 rethrow=0 return_oop=0}
                      ; - java.lang.Class::cast@12 (line 4069)
                      ; - java.lang.invoke.VarHandleReferences$FieldInstanceReadWrite::compareAndSet@41 (line 183)
                      ;   {runtime_call fast_new_instance Runtime1 stub}
  0x0000000112abb104: ff8f f397 | 78ff ff17 

  0x0000000112abb10c: ; ImmutableOopMap {c_rarg6=Oop [104]=Oop [112]=Oop [120]=Oop [128]=Oop [144]=Oop [152]=Oop }
                      ;*new {reexecute=0 rethrow=0 return_oop=0}
                      ; - java.lang.Class::cast@12 (line 4069)
                      ; - java.lang.invoke.VarHandleReferences$FieldInstanceReadWrite::compareAndSet@32 (line 182)
                      ;   {runtime_call fast_new_instance Runtime1 stub}
  0x0000000112abb10c: fd8f f397 | 99ff ff17 

  0x0000000112abb114: ; ImmutableOopMap {[104]=Oop [112]=Oop [120]=Oop [128]=Oop [144]=Oop }
                      ;*new {reexecute=0 rethrow=0 return_oop=0}
                      ; - java.util.Objects::requireNonNull@4 (line 233)
                      ; - java.lang.invoke.VarHandleReferences$FieldInstanceReadWrite::compareAndSet@18 (line 180)
                      ;   {runtime_call fast_new_instance Runtime1 stub}
  0x0000000112abb114: fb8f f397 | b9ff ff17 

  0x0000000112abb11c: ; ImmutableOopMap {c_rarg2=Oop c_rarg6=Oop [104]=Oop [112]=Oop [120]=Oop [128]=Oop [136]=Oop [144]=Oop }
                      ;*new {reexecute=0 rethrow=0 return_oop=0}
                      ; - java.lang.Class::cast@12 (line 4069)
                      ; - java.lang.invoke.VarHandleReferences$FieldInstanceReadWrite::compareAndSet@15 (line 180)
                      ;   {runtime_call fast_new_instance Runtime1 stub}
  0x0000000112abb11c: f98f f397 | d4ff ff17 | 8087 42f9 | 9f87 02f9 | 9f8b 02f9 | fd7b 4da9 | ff83 0391 

  0x0000000112abb138: ;   {runtime_call unwind_exception Runtime1 stub}
  0x0000000112abb138: 1289 f317 | 0000 0000 
[Stub Code]
  0x0000000112abb140: ;   {no_reloc}
  0x0000000112abb140: df3f 03d5 

  0x0000000112abb144: ;   {metadata(nullptr)}
  0x0000000112abb144: 0c00 80d2 | 0c00 a0f2 | 0c00 c0f2 | 0800 80d2 | 0800 a0f2 | 0800 c0f2 | 0001 1fd6 

  0x0000000112abb160: ;   {static_stub}
  0x0000000112abb160: df3f 03d5 

  0x0000000112abb164: ;   {metadata(nullptr)}
  0x0000000112abb164: 0c00 80d2 | 0c00 a0f2 | 0c00 c0f2 | 0800 80d2 | 0800 a0f2 | 0800 c0f2 | 0001 1fd6 

  0x0000000112abb180: ;   {static_stub}
  0x0000000112abb180: df3f 03d5 

  0x0000000112abb184: ;   {metadata(nullptr)}
  0x0000000112abb184: 0c00 80d2 | 0c00 a0f2 | 0c00 c0f2 | 0800 80d2 | 0800 a0f2 | 0800 c0f2 | 0001 1fd6 
[Exception Handler]
  0x0000000112abb1a0: ;   {runtime_call handle_exception_from_callee Runtime1 stub}
  0x0000000112abb1a0: 1895 f397 | c1d5 bbd4 | 7209 8f09 | 0100 0000 
[Deopt Handler Code]
  0x0000000112abb1b0: 1e00 0010 

  0x0000000112abb1b4: ;   {runtime_call DeoptimizationBlob}
  0x0000000112abb1b4: a35e f017 
[/MachCode]


Compiled method (c1) 210422 1643       1       java.lang.invoke.VarHandleGuards::guard_LLL_Z (86 bytes)
 total in heap  [0x0000000112abc310,0x0000000112abd720] = 5136
 relocation     [0x0000000112abc460,0x0000000112abc590] = 304
 main code      [0x0000000112abc5c0,0x0000000112abce90] = 2256
 stub code      [0x0000000112abce90,0x0000000112abd010] = 384
 oops           [0x0000000112abd010,0x0000000112abd020] = 16
 metadata       [0x0000000112abd020,0x0000000112abd100] = 224
 scopes data    [0x0000000112abd100,0x0000000112abd3d0] = 720
 scopes pcs     [0x0000000112abd3d0,0x0000000112abd670] = 672
 dependencies   [0x0000000112abd670,0x0000000112abd698] = 40
 nul chk table  [0x0000000112abd698,0x0000000112abd720] = 136

[Constant Pool (empty)]

[MachCode]
[Verified Entry Point]
  # {method} {0x000000c000172cf0} 'guard_LLL_Z' '(Ljava/lang/invoke/VarHandle;Ljava/lang/Object;Ljava/lang/Object;Ljava/lang/Object;Ljava/lang/invoke/VarHandle$AccessDescriptor;)Z' in 'java/lang/invoke/VarHandleGuards'
  # parm0:    c_rarg1:c_rarg1 
                        = 'java/lang/invoke/VarHandle'
  # parm1:    c_rarg2:c_rarg2 
                        = 'java/lang/Object'
  # parm2:    c_rarg3:c_rarg3 
                        = 'java/lang/Object'
  # parm3:    c_rarg4:c_rarg4 
                        = 'java/lang/Object'
  # parm4:    c_rarg5:c_rarg5 
                        = 'java/lang/invoke/VarHandle$AccessDescriptor'
  #           [sp+0x150]  (sp of caller)
  0x0000000112abc5c0: 1f20 03d5 | e953 40d1 | 3f01 00f9 | ff43 05d1 | fd7b 14a9 | 2801 0018 | 8923 40b9 | 1f01 09eb 
  0x0000000112abc5e0: e000 0054 | 0830 8bd2 | a84d a2f2 | 2800 c0f2 | 0001 3fd6 | 0200 0014 | 0700 0000 | e15b 00f9 
  0x0000000112abc600: e28f 0ca9 | e46f 00f9 | e563 00f9 

  0x0000000112abc60c: ; implicit exception: dispatches to 0x0000000112abccc0
  0x0000000112abc60c: 2030 4039 | 1f00 0071 | 8013 0054 

  0x0000000112abc618: ; implicit exception: dispatches to 0x0000000112abccc4
  0x0000000112abc618: a60c 40b9 | e6ab 00b9 | 2714 40b9 | e7f0 7dd3 | e003 1faa | ff00 00eb | 4106 0054 | b300 8052 
  0x0000000112abc638: ;   {metadata('java/lang/invoke/MethodType'[])}
  0x0000000112abc638: 03f2 8cd2 | c300 a0f2 | 0318 c0f2 | 737e 40d3 | e503 13aa | e85f 40b2 | 7f02 08eb | a233 0054 
  0x0000000112abc658: eb02 80d2 | 6b49 338b | 6bf1 7d92 | 80df 40f9 | 0b60 2b8b | 88e7 40f9 | 7f01 08eb | a832 0054 
  0x0000000112abc678: 8bdf 00f9 | 6b01 00cb | ea03 40b2 | 0a00 00f9 | 6a04 5ad2 | 0a4c 0129 | 6b41 00f1 | c001 0054 
  0x0000000112abc698: e803 0baa | 0a40 0091 | 0bfd 43d3 | 6821 00f1 | 4300 0054 

  0x0000000112abc6ac: ;   {runtime_call StubRoutines (final stubs)}
  0x0000000112abc6ac: e55b f097 | 6b00 1036 | 5f7d 81a8 | 5f7d 81a8 | 4b00 0836 | 5f7d 81a8 | 4b00 0036 | 5f01 00f9 
  0x0000000112abc6cc: bf3a 03d5 | 8303 4139 | 7f00 0071 | c12f 0054 | 08fc 43d3 | 2814 00b9 | 2300 00ca | 63fc 55d3 
  0x0000000112abc6ec: 7f00 00f1 | c12f 0054 | e703 00aa 

  0x0000000112abc6f8: ; implicit exception: dispatches to 0x0000000112abccf8
  0x0000000112abc6f8: e00c 40b9 | df00 006b | e22f 0054 | c07c 4093 | 00f4 7ed3 | 0040 0091 | e068 60b8 | 00f0 7dd3 
  0x0000000112abc718: e303 1faa | 1f00 03eb | 4109 0054 | e073 00f9 | e75f 00f9 

  0x0000000112abc72c: ;   {oop(a 'java/lang/invoke/VarHandle$AccessType'[5] {0x00000007002797f0})}
  0x0000000112abc72c: 01fe 92d2 | e104 a0f2 | e100 c0f2 | e9ff 9fd2 | e9ff bff2 | e9ff dff2 

  0x0000000112abc744: ; ImmutableOopMap {[176]=Oop [184]=Oop [192]=Oop [200]=Oop [208]=Oop [216]=Oop [224]=Oop }
                      ;*invokevirtual clone {reexecute=0 rethrow=0 return_oop=0}
                      ; - java.lang.invoke.VarHandle$AccessType::values@3 (line 1656)
                      ; - java.lang.invoke.VarHandle::accessModeTypeUncached@1 (line 2108)
                      ; - java.lang.invoke.VarHandle::accessModeType@33 (line 2102)
                      ; - java.lang.invoke.VarHandle::checkAccessModeThenIsDirect@12 (line 2080)
                      ; - java.lang.invoke.VarHandleGuards::guard_LLL_Z@3 (line 66)
                      ;   {virtual_call}
  0x0000000112abc744: 4f3f f097 

  0x0000000112abc748: ;   {other}
  0x0000000112abc748: 1f20 03d5 | 1f87 80f2 | 1f00 80f2 | 4001 00b4 

  0x0000000112abc758: ;   {metadata('java/lang/invoke/VarHandle$AccessType'[])}
  0x0000000112abc758: 0259 9fd2 | c202 a0f2 | 0218 c0f2 | 0308 40b9 | 6304 5ad2 | 6824 40f9 | 5f00 08eb | 012d 0054 
  0x0000000112abc778: 0100 0014 | e203 00aa 

  0x0000000112abc780: ; implicit exception: dispatches to 0x0000000112abcd1c
  0x0000000112abc780: 410c 40b9 | e6ab 40b9 | df00 016b | a22c 0054 | c17c 4093 | 21f4 7ed3 | 2140 0091 | 4268 61b8 
  0x0000000112abc7a0: 42f0 7dd3 | e15b 40f9 | e9ff 9fd2 | e9ff bff2 | e9ff dff2 

  0x0000000112abc7b4: ; ImmutableOopMap {[176]=Oop [184]=Oop [192]=Oop [200]=Oop [208]=Oop [216]=Oop [224]=Oop }
                      ;*invokevirtual accessModeTypeUncached {reexecute=0 rethrow=0 return_oop=0}
                      ; - java.lang.invoke.VarHandle::accessModeTypeUncached@6 (line 2108)
                      ; - java.lang.invoke.VarHandle::accessModeType@33 (line 2102)
                      ; - java.lang.invoke.VarHandle::checkAccessModeThenIsDirect@12 (line 2080)
                      ; - java.lang.invoke.VarHandleGuards::guard_LLL_Z@3 (line 66)
                      ;   {virtual_call}
  0x0000000112abc7b4: 333f f097 

  0x0000000112abc7b8: ;   {other}
  0x0000000112abc7b8: 1f20 03d5 | 1f95 80f2 | 1f20 80f2 | e75f 40f9 | 4002 00b4 

  0x0000000112abc7cc: ; implicit exception: dispatches to 0x0000000112abcd38
  0x0000000112abc7cc: e208 40b9 | 4204 5ad2 | 0108 40b9 | 2104 5ad2 | 4270 40f9 | 3f00 02eb | 6001 0054 | 4314 40b9 
  0x0000000112abc7ec: 2868 63f8 | 5f00 08eb | e000 0054 | 7f80 00f1 | 012a 0054 | e10b bfa9 

  0x0000000112abc804: ;   {runtime_call slow_subtype_check Runtime1 stub}
  0x0000000112abc804: 7f92 f397 | e207 c1a8 | 8229 0034 | e6ab 40b9 | c67c 4093 | c6f4 7ed3 | c240 0091 | e260 228b 
  0x0000000112abc824: 8103 4139 | 3f00 0071 | c128 0054 | 08fc 43d3 | 4800 00b9 | 4100 00ca | 21fc 55d3 | 3f00 00f1 
  0x0000000112abc844: c128 0054 | e563 40f9 | a214 40b9 | 42f0 7dd3 | 1f00 02eb | 6100 0054 | e15b 40f9 | 0900 0014 
  0x0000000112abc864: e203 05aa | e15b 40f9 

  0x0000000112abc86c: ; ImmutableOopMap {[176]=Oop [192]=Oop [200]=Oop [208]=Oop [216]=Oop }
                      ;*invokevirtual throwWrongMethodTypeException {reexecute=0 rethrow=0 return_oop=0}
                      ; - java.lang.invoke.VarHandle::checkAccessModeThenIsDirect@24 (line 2081)
                      ; - java.lang.invoke.VarHandleGuards::guard_LLL_Z@3 (line 66)
                      ;   {optimized virtual_call}
  0x0000000112abc86c: 453e f097 

  0x0000000112abc870: ;   {other}
  0x0000000112abc870: 1f20 03d5 | 1fac 80f2 | 1f40 80f2 | e563 40f9 | e15b 40f9 | 2010 40b9 | 00f0 7dd3 | e07b 00f9 
  0x0000000112abc890: ; implicit exception: dispatches to 0x0000000112abcd6c
  0x0000000112abc890: 0210 40b9 | 42f0 7dd3 

  0x0000000112abc898: ; implicit exception: dispatches to 0x0000000112abcd70
  0x0000000112abc898: a30c 40b9 

  0x0000000112abc89c: ; implicit exception: dispatches to 0x0000000112abcd74
  0x0000000112abc89c: 440c 40b9 | 9f00 036b | a926 0054 | 637c 4093 | 63f4 7ed3 | 6340 0091 | 4268 63b8 | 42f0 7dd3 
  0x0000000112abc8bc: a318 40b9 | 63f0 7dd3 | 5f00 03eb | a103 0054 | a310 40b9 | e3af 00b9 | 0214 40b9 | 42f0 7dd3 
  0x0000000112abc8dc: ; implicit exception: dispatches to 0x0000000112abcd90
  0x0000000112abc8dc: 440c 40b9 | 9f00 036b | 8925 0054 | 647c 4093 | 84f4 7ed3 | 8440 0091 | 4468 64b8 | 84f0 7dd3 
  0x0000000112abc8fc: e203 1faa | 9f00 02eb | 6000 0054 | e003 04aa | af00 0014 | e477 00f9 | e203 03aa | e103 00aa 
  0x0000000112abc91c: ; ImmutableOopMap {[176]=Oop [192]=Oop [200]=Oop [208]=Oop [216]=Oop [232]=Oop [240]=Oop }
                      ;*invokevirtual resolveMemberName {reexecute=0 rethrow=0 return_oop=0}
                      ; - java.lang.invoke.VarForm::getMemberName@13 (line 118)
                      ; - java.lang.invoke.VarHandleGuards::guard_LLL_Z@47 (line 68)
                      ;   {optimized virtual_call}
  0x0000000112abc91c: 193e f097 

  0x0000000112abc920: ;   {other}
  0x0000000112abc920: 1f20 03d5 | 1fc2 80f2 | 1f60 80f2 | e303 1faa | 1f00 03eb | a114 0054 | b300 0014 | a410 40b9 
  0x0000000112abc940: 2218 40b9 | 42f0 7dd3 | e303 1faa | 5f00 03eb | 4106 0054 | f313 0032 

  0x0000000112abc958: ;   {metadata('java/lang/invoke/MethodHandle'[])}
  0x0000000112abc958: 03c1 90d2 | c300 a0f2 | 0318 c0f2 | 737e 40d3 | e503 13aa | e85f 40b2 | 7f02 08eb | c221 0054 
  0x0000000112abc978: eb02 80d2 | 6b49 338b | 6bf1 7d92 | 80df 40f9 | 0b60 2b8b | 88e7 40f9 | 7f01 08eb | c820 0054 
  0x0000000112abc998: 8bdf 00f9 | 6b01 00cb | ea03 40b2 | 0a00 00f9 | 6a04 5ad2 | 0a4c 0129 | 6b41 00f1 | c001 0054 
  0x0000000112abc9b8: e803 0baa | 0a40 0091 | 0bfd 43d3 | 6821 00f1 | 4300 0054 

  0x0000000112abc9cc: ;   {runtime_call StubRoutines (final stubs)}
  0x0000000112abc9cc: 1d5b f097 | 6b00 1036 | 5f7d 81a8 | 5f7d 81a8 | 4b00 0836 | 5f7d 81a8 | 4b00 0036 | 5f01 00f9 
  0x0000000112abc9ec: bf3a 03d5 | 8203 4139 | 5f00 0071 | e11d 0054 | 08fc 43d3 | 2818 00b9 | 2200 00ca | 42fc 55d3 
  0x0000000112abca0c: 5f00 00f1 | e11d 0054 | e203 00aa 

  0x0000000112abca18: ; implicit exception: dispatches to 0x0000000112abcddc
  0x0000000112abca18: 400c 40b9 | 9f00 006b | 021e 0054 | 807c 4093 | 00f4 7ed3 | 0040 0091 | 4068 60b8 | 00f0 7dd3 
  0x0000000112abca38: e303 1faa | 1f00 03eb | 8105 0054 | e087 00f9 | e27f 00f9 | e203 04aa | e603 01aa | e103 06aa 
  0x0000000112abca58: e403 01b9 

  0x0000000112abca5c: ; ImmutableOopMap {[176]=Oop [192]=Oop [200]=Oop [208]=Oop [216]=Oop [248]=Oop [264]=Oop }
                      ;*invokevirtual getMethodHandleUncached {reexecute=0 rethrow=0 return_oop=0}
                      ; - java.lang.invoke.VarHandle::getMethodHandle@33 (line 2189)
                      ; - java.lang.invoke.VarHandleGuards::guard_LLL_Z@60 (line 70)
                      ;   {optimized virtual_call}
  0x0000000112abca5c: c93d f097 

  0x0000000112abca60: ;   {other}
  0x0000000112abca60: 1f20 03d5 | 1fea 80f2 | 1f80 80f2 | e27f 40f9 | 4002 00b4 

  0x0000000112abca74: ; implicit exception: dispatches to 0x0000000112abcdf8
  0x0000000112abca74: 4108 40b9 | 2104 5ad2 | 0308 40b9 | 6304 5ad2 | 2170 40f9 | 7f00 01eb | 6001 0054 | 2414 40b9 
  0x0000000112abca94: 6868 64f8 | 3f00 08eb | e000 0054 | 9f80 00f1 | c11a 0054 | e307 bfa9 

  0x0000000112abcaac: ;   {runtime_call slow_subtype_check Runtime1 stub}
  0x0000000112abcaac: d591 f397 | e10f c1a8 | 411a 0034 | e403 41b9 | 847c 4093 | 84f4 7ed3 | 8140 0091 | 4260 218b 
  0x0000000112abcacc: 8103 4139 | 3f00 0071 | 8119 0054 | 08fc 43d3 | 4800 00b9 | 4100 00ca | 21fc 55d3 | 3f00 00f1 
  0x0000000112abcaec: 8119 0054 | e563 40f9 | a31c 40b9 | 63f0 7dd3 | e38b 00f9 

  0x0000000112abcb00: ; implicit exception: dispatches to 0x0000000112abce2c
  0x0000000112abcb00: 0210 40b9 | 42f0 7dd3 | 7f00 02eb | a003 0054 | e203 03aa | e103 00aa | e08f 00f9 

  0x0000000112abcb1c: ; ImmutableOopMap {[176]=Oop [192]=Oop [200]=Oop [208]=Oop [216]=Oop [272]=Oop [280]=Oop }
                      ;*invokevirtual asTypeCached {reexecute=0 rethrow=0 return_oop=0}
                      ; - java.lang.invoke.MethodHandle::asType@12 (line 866)
                      ; - java.lang.invoke.VarHandleGuards::guard_LLL_Z@72 (line 71)
                      ;   {optimized virtual_call}
  0x0000000112abcb1c: 993d f097 

  0x0000000112abcb20: ;   {other}
  0x0000000112abcb20: 1f20 03d5 | 1f02 81f2 | 1fa0 80f2 | e203 1faa | 1f00 02eb | a102 0054 | e093 00f9 | e38b 40f9 
  0x0000000112abcb40: e203 03aa | e18f 40f9 | e9ff 9fd2 | e9ff bff2 | e9ff dff2 

  0x0000000112abcb54: ; ImmutableOopMap {[176]=Oop [192]=Oop [200]=Oop [208]=Oop [216]=Oop [272]=Oop [280]=Oop [288]=Oop }
                      ;*invokevirtual asTypeUncached {reexecute=0 rethrow=0 return_oop=0}
                      ; - java.lang.invoke.MethodHandle::asType@25 (line 870)
                      ; - java.lang.invoke.VarHandleGuards::guard_LLL_Z@72 (line 71)
                      ;   {virtual_call}
  0x0000000112abcb54: 4b3e f097 

  0x0000000112abcb58: ;   {other}
  0x0000000112abcb58: 1f20 03d5 | 1f09 81f2 | 1fc0 80f2 | e203 00aa | e18f 40f9 

  0x0000000112abcb6c: ; ImmutableOopMap {[176]=Oop [192]=Oop [200]=Oop [208]=Oop [216]=Oop [272]=Oop [280]=Oop [288]=Oop }
                      ;*invokevirtual setAsTypeCache {reexecute=0 rethrow=0 return_oop=0}
                      ; - java.lang.invoke.MethodHandle::asType@28 (line 870)
                      ; - java.lang.invoke.VarHandleGuards::guard_LLL_Z@72 (line 71)
                      ;   {optimized virtual_call}
  0x0000000112abcb6c: 853d f097 

  0x0000000112abcb70: ;   {other}
  0x0000000112abcb70: 1f20 03d5 | 1f0c 81f2 | 1fe0 80f2 | 0300 0014 | e08f 00f9 | e08f 40f9 

  0x0000000112abcb88: ; implicit exception: dispatches to 0x0000000112abce30
  0x0000000112abcb88: 1f00 40f9 | e25b 40f9 | e393 4ca9 | e56f 40f9 | e103 00aa 

  0x0000000112abcb9c: ; ImmutableOopMap {[176]=Oop [192]=Oop [200]=Oop [208]=Oop [216]=Oop [280]=Oop }
                      ;*invokevirtual invokeBasic {reexecute=0 rethrow=0 return_oop=0}
                      ; - java.lang.invoke.VarHandleGuards::guard_LLL_Z@82 (line 71)
                      ;   {optimized virtual_call}
  0x0000000112abcb9c: 793d f097 

  0x0000000112abcba0: ;   {other}
  0x0000000112abcba0: 1f20 03d5 | 1f12 81f2 | 1f00 81f2 | 0000 0012 | fd7b 54a9 | ff43 0591 

  0x0000000112abcbb8: ;   {poll_return}
  0x0000000112abcbb8: 882f 42f9 | ff63 28eb | a813 0054 | c003 5fd6 | e15b 40f9 | e28f 4ca9 | e46f 40f9 | e503 00aa 
  0x0000000112abcbd8: ; ImmutableOopMap {[176]=Oop [192]=Oop [200]=Oop [208]=Oop [216]=Oop }
                      ;*invokestatic linkToStatic {reexecute=0 rethrow=0 return_oop=0}
                      ; - java.lang.invoke.VarHandleGuards::guard_LLL_Z@50 (line 68)
                      ;   {static_call}
  0x0000000112abcbd8: 8a7f f897 

  0x0000000112abcbdc: ;   {other}
  0x0000000112abcbdc: 1f20 03d5 | 9f19 81f2 | 1f20 81f2 | 0000 0012 | fd7b 54a9 | ff43 0591 

  0x0000000112abcbf4: ;   {poll_return}
  0x0000000112abcbf4: 882f 42f9 | ff63 28eb | 2812 0054 | c003 5fd6 | e09b 00f9 | e3af 40b9 | ec03 03aa 

  0x0000000112abcc10: ;   {metadata('java/lang/UnsupportedOperationException')}
  0x0000000112abcc10: 0300 80d2 | a321 a0f2 | 0318 c0f2 | 68e4 4439 | 1f11 0071 

  0x0000000112abcc24: ; implicit exception: dispatches to 0x0000000112abce4c
  0x0000000112abcc24: 6111 0054 | 80df 40f9 | 0ba0 0091 | 88e7 40f9 | 7f01 08eb | c810 0054 | 8bdf 00f9 | ea03 40b2 
  0x0000000112abcc44: 0a00 00f9 | 6a04 5ad2 | 0a7c 0129 | 0a40 0091 | 5f01 00f9 | 5ffd 00a9 | bf3a 03d5 | e313 0032 
  0x0000000112abcc64: ;   {oop(a 'java/lang/invoke/VarHandle$AccessMode'[31] {0x0000000700275b28})}
  0x0000000112abcc64: 0465 8bd2 | e404 a0f2 | e400 c0f2 | 7f00 0c6b | 290f 0054 | 837d 4093 | 63f4 7ed3 | 6340 0091 
  0x0000000112abcc84: ; implicit exception: dispatches to 0x0000000112abce70
  0x0000000112abcc84: 8368 63b8 | 63f0 7dd3 

  0x0000000112abcc8c: ; implicit exception: dispatches to 0x0000000112abce74
  0x0000000112abcc8c: 6318 40b9 | 63f0 7dd3 | e203 03aa | e103 00aa | e097 00f9 

  0x0000000112abcca0: ; ImmutableOopMap {[176]=Oop [192]=Oop [200]=Oop [208]=Oop [216]=Oop [240]=Oop [296]=Oop [304]=Oop }
                      ;*invokespecial <init> {reexecute=0 rethrow=0 return_oop=0}
                      ; - java.lang.invoke.VarForm::getMemberName@32 (line 120)
                      ; - java.lang.invoke.VarHandleGuards::guard_LLL_Z@47 (line 68)
                      ;   {optimized virtual_call}
  0x0000000112abcca0: 383d f097 

  0x0000000112abcca4: ;   {other}
  0x0000000112abcca4: 1f20 03d5 | 9f32 81f2 | 1f40 81f2 

  0x0000000112abccb0: ; ImmutableOopMap {c_rarg0=Oop [176]=Oop [192]=Oop [200]=Oop [208]=Oop [216]=Oop [240]=Oop [304]=Oop }
                      ;*athrow {reexecute=1 rethrow=0 return_oop=0}
                      ; - (reexecute) java.lang.invoke.VarForm::getMemberName@35 (line 120)
                      ; - java.lang.invoke.VarHandleGuards::guard_LLL_Z@47 (line 68)
  0x0000000112abccb0: e097 40f9 

  0x0000000112abccb4: ;   {section_word}
  0x0000000112abccb4: 0300 0010 

  0x0000000112abccb8: ;   {runtime_call handle_exception_nofpu Runtime1 stub}
  0x0000000112abccb8: d28c f397 | 1f20 03d5 

  0x0000000112abccc0: ; ImmutableOopMap {c_rarg1=Oop c_rarg2=Oop c_rarg3=Oop c_rarg4=Oop c_rarg5=Oop [176]=Oop [192]=Oop [200]=Oop [208]=Oop [216]=Oop }
                      ;*invokevirtual checkAccessModeThenIsDirect {reexecute=0 rethrow=0 return_oop=0}
                      ; - java.lang.invoke.VarHandleGuards::guard_LLL_Z@3 (line 66)
                      ;   {runtime_call throw_null_pointer_exception Runtime1 stub}
  0x0000000112abccc0: d086 f397 

  0x0000000112abccc4: ; ImmutableOopMap {c_rarg1=Oop c_rarg2=Oop c_rarg3=Oop c_rarg4=Oop c_rarg5=Oop [176]=Oop [192]=Oop [200]=Oop [208]=Oop [216]=Oop }
                      ;*getfield type {reexecute=1 rethrow=0 return_oop=0}
                      ; - (reexecute) java.lang.invoke.VarHandle::checkAccessModeThenIsDirect@9 (line 2080)
                      ; - java.lang.invoke.VarHandleGuards::guard_LLL_Z@3 (line 66)
                      ;   {runtime_call throw_null_pointer_exception Runtime1 stub}
  0x0000000112abccc4: cf86 f397 

  0x0000000112abccc8: ; ImmutableOopMap {c_rarg1=Oop c_rarg2=Oop c_rarg4=Oop c_rarg7=Oop [176]=Oop [192]=Oop [200]=Oop [208]=Oop [216]=Oop }
                      ;*anewarray {reexecute=0 rethrow=0 return_oop=0}
                      ; - java.lang.invoke.VarHandle::accessModeType@13 (line 2097)
                      ; - java.lang.invoke.VarHandle::checkAccessModeThenIsDirect@12 (line 2080)
                      ; - java.lang.invoke.VarHandleGuards::guard_LLL_Z@3 (line 66)
                      ;   {runtime_call new_object_array Runtime1 stub}
  0x0000000112abccc8: 4e8b f397 | 81fe ff17 | 2314 40b9 | 63f0 7dd3 | 23d0 ffb4 | e303 00f9 

  0x0000000112abcce0: ;   {runtime_call g1_pre_barrier_slow}
  0x0000000112abcce0: 089d f397 | 7efe ff17 | 60d0 ffb4 | e103 00f9 

  0x0000000112abccf0: ;   {runtime_call g1_post_barrier_slow}
  0x0000000112abccf0: c49d f397 | 80fe ff17 

  0x0000000112abccf8: ; ImmutableOopMap {c_rarg1=Oop c_rarg2=Oop c_rarg4=Oop c_rarg7=Oop [176]=Oop [192]=Oop [200]=Oop [208]=Oop [216]=Oop }
                      ;*aaload {reexecute=0 rethrow=0 return_oop=0}
                      ; - java.lang.invoke.VarHandle::accessModeType@23 (line 2099)
                      ; - java.lang.invoke.VarHandle::checkAccessModeThenIsDirect@12 (line 2080)
                      ; - java.lang.invoke.VarHandleGuards::guard_LLL_Z@3 (line 66)
                      ;   {runtime_call throw_null_pointer_exception Runtime1 stub}
  0x0000000112abccf8: c286 f397 | e803 06aa | e903 07aa 

  0x0000000112abcd04: ;   {runtime_call throw_range_check_failed Runtime1 stub}
  0x0000000112abcd04: 1ee0 9bd2 | 3e4f a2f2 | 3e00 c0f2 

  0x0000000112abcd10: ; ImmutableOopMap {c_rarg1=Oop c_rarg2=Oop c_rarg4=Oop c_rarg7=Oop [176]=Oop [192]=Oop [200]=Oop [208]=Oop [216]=Oop }
                      ;*aaload {reexecute=0 rethrow=0 return_oop=0}
                      ; - java.lang.invoke.VarHandle::accessModeType@23 (line 2099)
                      ; - java.lang.invoke.VarHandle::checkAccessModeThenIsDirect@12 (line 2080)
                      ; - java.lang.invoke.VarHandleGuards::guard_LLL_Z@3 (line 66)
  0x0000000112abcd10: c003 3fd6 | e803 00aa 

  0x0000000112abcd18: ; ImmutableOopMap {[176]=Oop [184]=Oop [192]=Oop [200]=Oop [208]=Oop [216]=Oop [224]=Oop }
                      ;*checkcast {reexecute=0 rethrow=0 return_oop=0}
                      ; - java.lang.invoke.VarHandle$AccessType::values@6 (line 1656)
                      ; - java.lang.invoke.VarHandle::accessModeTypeUncached@1 (line 2108)
                      ; - java.lang.invoke.VarHandle::accessModeType@33 (line 2102)
                      ; - java.lang.invoke.VarHandle::checkAccessModeThenIsDirect@12 (line 2080)
                      ; - java.lang.invoke.VarHandleGuards::guard_LLL_Z@3 (line 66)
                      ;   {runtime_call throw_class_cast_exception Runtime1 stub}
  0x0000000112abcd18: ba8f f397 

  0x0000000112abcd1c: ; ImmutableOopMap {c_rarg2=Oop [176]=Oop [184]=Oop [192]=Oop [200]=Oop [208]=Oop [216]=Oop [224]=Oop }
                      ;*aaload {reexecute=0 rethrow=0 return_oop=0}
                      ; - java.lang.invoke.VarHandle::accessModeTypeUncached@5 (line 2108)
                      ; - java.lang.invoke.VarHandle::accessModeType@33 (line 2102)
                      ; - java.lang.invoke.VarHandle::checkAccessModeThenIsDirect@12 (line 2080)
                      ; - java.lang.invoke.VarHandleGuards::guard_LLL_Z@3 (line 66)
                      ;   {runtime_call throw_null_pointer_exception Runtime1 stub}
  0x0000000112abcd1c: b986 f397 | e803 06aa | e903 02aa 

  0x0000000112abcd28: ;   {runtime_call throw_range_check_failed Runtime1 stub}
  0x0000000112abcd28: 1ee0 9bd2 | 3e4f a2f2 | 3e00 c0f2 

  0x0000000112abcd34: ; ImmutableOopMap {c_rarg2=Oop [176]=Oop [184]=Oop [192]=Oop [200]=Oop [208]=Oop [216]=Oop [224]=Oop }
                      ;*aaload {reexecute=0 rethrow=0 return_oop=0}
                      ; - java.lang.invoke.VarHandle::accessModeTypeUncached@5 (line 2108)
                      ; - java.lang.invoke.VarHandle::accessModeType@33 (line 2102)
                      ; - java.lang.invoke.VarHandle::checkAccessModeThenIsDirect@12 (line 2080)
                      ; - java.lang.invoke.VarHandleGuards::guard_LLL_Z@3 (line 66)
  0x0000000112abcd34: c003 3fd6 

  0x0000000112abcd38: ; ImmutableOopMap {c_rarg0=Oop c_rarg7=Oop [176]=Oop [192]=Oop [200]=Oop [208]=Oop [216]=Oop [224]=Oop }
                      ;*aastore {reexecute=1 rethrow=0 return_oop=0}
                      ; - (reexecute) java.lang.invoke.VarHandle::accessModeType@37 (line 2102)
                      ; - java.lang.invoke.VarHandle::checkAccessModeThenIsDirect@12 (line 2080)
                      ; - java.lang.invoke.VarHandleGuards::guard_LLL_Z@3 (line 66)
                      ;   {runtime_call throw_null_pointer_exception Runtime1 stub}
  0x0000000112abcd38: b286 f397 | e803 00aa 

  0x0000000112abcd40: ; ImmutableOopMap {c_rarg0=Oop c_rarg7=Oop [176]=Oop [192]=Oop [200]=Oop [208]=Oop [216]=Oop [224]=Oop }
                      ;*aastore {reexecute=1 rethrow=0 return_oop=0}
                      ; - (reexecute) java.lang.invoke.VarHandle::accessModeType@37 (line 2102)
                      ; - java.lang.invoke.VarHandle::checkAccessModeThenIsDirect@12 (line 2080)
                      ; - java.lang.invoke.VarHandleGuards::guard_LLL_Z@3 (line 66)
                      ;   {runtime_call throw_array_store_exception Runtime1 stub}
  0x0000000112abcd40: f08e f397 | 4100 40b9 | 21f0 7dd3 | 21d7 ffb4 | e103 00f9 

  0x0000000112abcd54: ;   {runtime_call g1_pre_barrier_slow}
  0x0000000112abcd54: eb9c f397 | b6fe ff17 | 60d7 ffb4 | e203 00f9 

  0x0000000112abcd64: ;   {runtime_call g1_post_barrier_slow}
  0x0000000112abcd64: a79d f397 | b8fe ff17 

  0x0000000112abcd6c: ; ImmutableOopMap {c_rarg5=Oop c_rarg1=Oop c_rarg0=Oop [176]=Oop [192]=Oop [200]=Oop [208]=Oop [216]=Oop [240]=Oop }
                      ;*getfield methodType_table {reexecute=1 rethrow=0 return_oop=0}
                      ; - (reexecute) java.lang.invoke.VarHandleGuards::guard_LLL_Z@17 (line 67)
                      ;   {runtime_call throw_null_pointer_exception Runtime1 stub}
  0x0000000112abcd6c: a586 f397 

  0x0000000112abcd70: ; ImmutableOopMap {c_rarg5=Oop c_rarg1=Oop c_rarg0=Oop c_rarg2=Oop [176]=Oop [192]=Oop [200]=Oop [208]=Oop [216]=Oop [240]=Oop }
                      ;*getfield type {reexecute=1 rethrow=0 return_oop=0}
                      ; - (reexecute) java.lang.invoke.VarHandleGuards::guard_LLL_Z@22 (line 67)
                      ;   {runtime_call throw_null_pointer_exception Runtime1 stub}
  0x0000000112abcd70: a486 f397 

  0x0000000112abcd74: ; ImmutableOopMap {c_rarg5=Oop c_rarg1=Oop c_rarg0=Oop c_rarg2=Oop [176]=Oop [192]=Oop [200]=Oop [208]=Oop [216]=Oop [240]=Oop }
                      ;*aaload {reexecute=0 rethrow=0 return_oop=0}
                      ; - java.lang.invoke.VarHandleGuards::guard_LLL_Z@25 (line 67)
                      ;   {runtime_call throw_null_pointer_exception Runtime1 stub}
  0x0000000112abcd74: a386 f397 | e803 03aa | e903 02aa 

  0x0000000112abcd80: ;   {runtime_call throw_range_check_failed Runtime1 stub}
  0x0000000112abcd80: 1ee0 9bd2 | 3e4f a2f2 | 3e00 c0f2 

  0x0000000112abcd8c: ; ImmutableOopMap {c_rarg5=Oop c_rarg1=Oop c_rarg0=Oop c_rarg2=Oop [176]=Oop [192]=Oop [200]=Oop [208]=Oop [216]=Oop [240]=Oop }
                      ;*aaload {reexecute=0 rethrow=0 return_oop=0}
                      ; - java.lang.invoke.VarHandleGuards::guard_LLL_Z@25 (line 67)
  0x0000000112abcd8c: c003 3fd6 

  0x0000000112abcd90: ; ImmutableOopMap {c_rarg5=Oop c_rarg1=Oop c_rarg0=Oop c_rarg2=Oop [176]=Oop [192]=Oop [200]=Oop [208]=Oop [216]=Oop [240]=Oop }
                      ;*aaload {reexecute=0 rethrow=0 return_oop=0}
                      ; - java.lang.invoke.VarForm::getMemberName@5 (line 116)
                      ; - java.lang.invoke.VarHandleGuards::guard_LLL_Z@47 (line 68)
                      ;   {runtime_call throw_null_pointer_exception Runtime1 stub}
  0x0000000112abcd90: 9c86 f397 | e803 03aa | e903 02aa 

  0x0000000112abcd9c: ;   {runtime_call throw_range_check_failed Runtime1 stub}
  0x0000000112abcd9c: 1ee0 9bd2 | 3e4f a2f2 | 3e00 c0f2 

  0x0000000112abcda8: ; ImmutableOopMap {c_rarg5=Oop c_rarg1=Oop c_rarg0=Oop c_rarg2=Oop [176]=Oop [192]=Oop [200]=Oop [208]=Oop [216]=Oop [240]=Oop }
                      ;*aaload {reexecute=0 rethrow=0 return_oop=0}
                      ; - java.lang.invoke.VarForm::getMemberName@5 (line 116)
                      ; - java.lang.invoke.VarHandleGuards::guard_LLL_Z@47 (line 68)
  0x0000000112abcda8: c003 3fd6 

  0x0000000112abcdac: ; ImmutableOopMap {c_rarg1=Oop c_rarg2=Oop [176]=Oop [192]=Oop [200]=Oop [208]=Oop [216]=Oop }
                      ;*anewarray {reexecute=0 rethrow=0 return_oop=0}
                      ; - java.lang.invoke.VarHandle::getMethodHandle@13 (line 2185)
                      ; - java.lang.invoke.VarHandleGuards::guard_LLL_Z@60 (line 70)
                      ;   {runtime_call new_object_array Runtime1 stub}
  0x0000000112abcdac: 158b f397 | 10ff ff17 | 2218 40b9 | 42f0 7dd3 | 02e2 ffb4 | e203 00f9 

  0x0000000112abcdc4: ;   {runtime_call g1_pre_barrier_slow}
  0x0000000112abcdc4: cf9c f397 | 0dff ff17 | 40e2 ffb4 | e103 00f9 

  0x0000000112abcdd4: ;   {runtime_call g1_post_barrier_slow}
  0x0000000112abcdd4: 8b9d f397 | 0fff ff17 

  0x0000000112abcddc: ; ImmutableOopMap {c_rarg1=Oop c_rarg2=Oop [176]=Oop [192]=Oop [200]=Oop [208]=Oop [216]=Oop }
                      ;*aaload {reexecute=0 rethrow=0 return_oop=0}
                      ; - java.lang.invoke.VarHandle::getMethodHandle@23 (line 2187)
                      ; - java.lang.invoke.VarHandleGuards::guard_LLL_Z@60 (line 70)
                      ;   {runtime_call throw_null_pointer_exception Runtime1 stub}
  0x0000000112abcddc: 8986 f397 | e803 04aa | e903 02aa 

  0x0000000112abcde8: ;   {runtime_call throw_range_check_failed Runtime1 stub}
  0x0000000112abcde8: 1ee0 9bd2 | 3e4f a2f2 | 3e00 c0f2 

  0x0000000112abcdf4: ; ImmutableOopMap {c_rarg1=Oop c_rarg2=Oop [176]=Oop [192]=Oop [200]=Oop [208]=Oop [216]=Oop }
                      ;*aaload {reexecute=0 rethrow=0 return_oop=0}
                      ; - java.lang.invoke.VarHandle::getMethodHandle@23 (line 2187)
                      ; - java.lang.invoke.VarHandleGuards::guard_LLL_Z@60 (line 70)
  0x0000000112abcdf4: c003 3fd6 

  0x0000000112abcdf8: ; ImmutableOopMap {c_rarg0=Oop c_rarg2=Oop [176]=Oop [192]=Oop [200]=Oop [208]=Oop [216]=Oop [264]=Oop }
                      ;*aastore {reexecute=1 rethrow=0 return_oop=0}
                      ; - (reexecute) java.lang.invoke.VarHandle::getMethodHandle@37 (line 2189)
                      ; - java.lang.invoke.VarHandleGuards::guard_LLL_Z@60 (line 70)
                      ;   {runtime_call throw_null_pointer_exception Runtime1 stub}
  0x0000000112abcdf8: 8286 f397 | e803 00aa 

  0x0000000112abce00: ; ImmutableOopMap {c_rarg0=Oop c_rarg2=Oop [176]=Oop [192]=Oop [200]=Oop [208]=Oop [216]=Oop [264]=Oop }
                      ;*aastore {reexecute=1 rethrow=0 return_oop=0}
                      ; - (reexecute) java.lang.invoke.VarHandle::getMethodHandle@37 (line 2189)
                      ; - java.lang.invoke.VarHandleGuards::guard_LLL_Z@60 (line 70)
                      ;   {runtime_call throw_array_store_exception Runtime1 stub}
  0x0000000112abce00: c08e f397 | 4100 40b9 | 21f0 7dd3 | 61e6 ffb4 | e103 00f9 

  0x0000000112abce14: ;   {runtime_call g1_pre_barrier_slow}
  0x0000000112abce14: bb9c f397 | 30ff ff17 | a0e6 ffb4 | e203 00f9 

  0x0000000112abce24: ;   {runtime_call g1_post_barrier_slow}
  0x0000000112abce24: 779d f397 | 32ff ff17 

  0x0000000112abce2c: ; ImmutableOopMap {c_rarg0=Oop c_rarg5=Oop c_rarg3=Oop [176]=Oop [192]=Oop [200]=Oop [208]=Oop [216]=Oop [272]=Oop }
                      ;*invokevirtual asType {reexecute=0 rethrow=0 return_oop=0}
                      ; - java.lang.invoke.VarHandleGuards::guard_LLL_Z@72 (line 71)
                      ;   {runtime_call throw_null_pointer_exception Runtime1 stub}
  0x0000000112abce2c: 7586 f397 

  0x0000000112abce30: ; ImmutableOopMap {c_rarg0=Oop [176]=Oop [192]=Oop [200]=Oop [208]=Oop [216]=Oop [280]=Oop }
                      ;*invokevirtual invokeBasic {reexecute=0 rethrow=0 return_oop=0}
                      ; - java.lang.invoke.VarHandleGuards::guard_LLL_Z@82 (line 71)
                      ;   {runtime_call throw_null_pointer_exception Runtime1 stub}
  0x0000000112abce30: 7486 f397 

  0x0000000112abce34: ;   {internal_word}
  0x0000000112abce34: 28ec ff10 | 883b 02f9 

  0x0000000112abce3c: ;   {runtime_call SafepointBlob}
  0x0000000112abce3c: b156 f017 

  0x0000000112abce40: ;   {internal_word}
  0x0000000112abce40: a8ed ff10 | 883b 02f9 

  0x0000000112abce48: ;   {runtime_call SafepointBlob}
  0x0000000112abce48: ae56 f017 

  0x0000000112abce4c: ; ImmutableOopMap {[176]=Oop [192]=Oop [200]=Oop [208]=Oop [216]=Oop [240]=Oop [304]=Oop }
                      ;*new {reexecute=0 rethrow=0 return_oop=0}
                      ; - java.lang.invoke.VarForm::getMemberName@21 (line 120)
                      ; - java.lang.invoke.VarHandleGuards::guard_LLL_Z@47 (line 68)
                      ;   {runtime_call throw_null_pointer_exception Runtime1 stub}
  0x0000000112abce4c: 6d86 f397 

  0x0000000112abce50: ; ImmutableOopMap {[176]=Oop [192]=Oop [200]=Oop [208]=Oop [216]=Oop [240]=Oop [304]=Oop }
                      ;*new {reexecute=0 rethrow=0 return_oop=0}
                      ; - java.lang.invoke.VarForm::getMemberName@21 (line 120)
                      ; - java.lang.invoke.VarHandleGuards::guard_LLL_Z@47 (line 68)
                      ;   {runtime_call fast_new_instance_init_check Runtime1 stub}
  0x0000000112abce50: 6c89 f397 | 83ff ff17 | e803 0caa | e903 04aa 

  0x0000000112abce60: ;   {runtime_call throw_range_check_failed Runtime1 stub}
  0x0000000112abce60: 1ee0 9bd2 | 3e4f a2f2 | 3e00 c0f2 

  0x0000000112abce6c: ; ImmutableOopMap {c_rarg0=Oop c_rarg4=Oop [176]=Oop [192]=Oop [200]=Oop [208]=Oop [216]=Oop [240]=Oop [304]=Oop }
                      ;*aaload {reexecute=0 rethrow=0 return_oop=0}
                      ; - java.lang.invoke.VarHandle$AccessMode::valueFromOrdinal@4 (line 1995)
                      ; - java.lang.invoke.VarForm::getMemberName@26 (line 120)
                      ; - java.lang.invoke.VarHandleGuards::guard_LLL_Z@47 (line 68)
  0x0000000112abce6c: c003 3fd6 

  0x0000000112abce70: ; ImmutableOopMap {c_rarg0=Oop [176]=Oop [192]=Oop [200]=Oop [208]=Oop [216]=Oop [240]=Oop [304]=Oop }
                      ;*aaload {reexecute=0 rethrow=0 return_oop=0}
                      ; - java.lang.invoke.VarHandle$AccessMode::valueFromOrdinal@4 (line 1995)
                      ; - java.lang.invoke.VarForm::getMemberName@26 (line 120)
                      ; - java.lang.invoke.VarHandleGuards::guard_LLL_Z@47 (line 68)
                      ;   {runtime_call throw_null_pointer_exception Runtime1 stub}
  0x0000000112abce70: 6486 f397 

  0x0000000112abce74: ; ImmutableOopMap {c_rarg0=Oop [176]=Oop [192]=Oop [200]=Oop [208]=Oop [216]=Oop [240]=Oop [304]=Oop }
                      ;*invokevirtual methodName {reexecute=0 rethrow=0 return_oop=0}
                      ; - java.lang.invoke.VarForm::getMemberName@29 (line 120)
                      ; - java.lang.invoke.VarHandleGuards::guard_LLL_Z@47 (line 68)
                      ;   {runtime_call throw_null_pointer_exception Runtime1 stub}
  0x0000000112abce74: 6386 f397 | 8087 42f9 | 9f87 02f9 | 9f8b 02f9 | fd7b 54a9 | ff43 0591 

  0x0000000112abce8c: ;   {runtime_call unwind_exception Runtime1 stub}
  0x0000000112abce8c: bd81 f317 
[Stub Code]
  0x0000000112abce90: ;   {no_reloc}
  0x0000000112abce90: df3f 03d5 

  0x0000000112abce94: ;   {metadata(nullptr)}
  0x0000000112abce94: 0c00 80d2 | 0c00 a0f2 | 0c00 c0f2 | 0800 80d2 | 0800 a0f2 | 0800 c0f2 | 0001 1fd6 

  0x0000000112abceb0: ;   {static_stub}
  0x0000000112abceb0: df3f 03d5 

  0x0000000112abceb4: ;   {metadata(nullptr)}
  0x0000000112abceb4: 0c00 80d2 | 0c00 a0f2 | 0c00 c0f2 | 0800 80d2 | 0800 a0f2 | 0800 c0f2 | 0001 1fd6 

  0x0000000112abced0: ;   {static_stub}
  0x0000000112abced0: df3f 03d5 

  0x0000000112abced4: ;   {metadata(nullptr)}
  0x0000000112abced4: 0c00 80d2 | 0c00 a0f2 | 0c00 c0f2 | 0800 80d2 | 0800 a0f2 | 0800 c0f2 | 0001 1fd6 

  0x0000000112abcef0: ;   {static_stub}
  0x0000000112abcef0: df3f 03d5 

  0x0000000112abcef4: ;   {metadata(nullptr)}
  0x0000000112abcef4: 0c00 80d2 | 0c00 a0f2 | 0c00 c0f2 | 0800 80d2 | 0800 a0f2 | 0800 c0f2 | 0001 1fd6 

  0x0000000112abcf10: ;   {static_stub}
  0x0000000112abcf10: df3f 03d5 

  0x0000000112abcf14: ;   {metadata(nullptr)}
  0x0000000112abcf14: 0c00 80d2 | 0c00 a0f2 | 0c00 c0f2 | 0800 80d2 | 0800 a0f2 | 0800 c0f2 | 0001 1fd6 

  0x0000000112abcf30: ;   {static_stub}
  0x0000000112abcf30: df3f 03d5 

  0x0000000112abcf34: ;   {metadata(nullptr)}
  0x0000000112abcf34: 0c00 80d2 | 0c00 a0f2 | 0c00 c0f2 | 0800 80d2 | 0800 a0f2 | 0800 c0f2 | 0001 1fd6 

  0x0000000112abcf50: ;   {static_stub}
  0x0000000112abcf50: df3f 03d5 

  0x0000000112abcf54: ;   {metadata(nullptr)}
  0x0000000112abcf54: 0c00 80d2 | 0c00 a0f2 | 0c00 c0f2 | 0800 80d2 | 0800 a0f2 | 0800 c0f2 | 0001 1fd6 

  0x0000000112abcf70: ;   {static_stub}
  0x0000000112abcf70: df3f 03d5 

  0x0000000112abcf74: ;   {metadata(nullptr)}
  0x0000000112abcf74: 0c00 80d2 | 0c00 a0f2 | 0c00 c0f2 | 0800 80d2 | 0800 a0f2 | 0800 c0f2 | 0001 1fd6 

  0x0000000112abcf90: ;   {static_stub}
  0x0000000112abcf90: df3f 03d5 

  0x0000000112abcf94: ;   {metadata(nullptr)}
  0x0000000112abcf94: 0c00 80d2 | 0c00 a0f2 | 0c00 c0f2 | 0800 80d2 | 0800 a0f2 | 0800 c0f2 | 0001 1fd6 

  0x0000000112abcfb0: ;   {static_stub}
  0x0000000112abcfb0: df3f 03d5 

  0x0000000112abcfb4: ;   {metadata(nullptr)}
  0x0000000112abcfb4: 0c00 80d2 | 0c00 a0f2 | 0c00 c0f2 | 0800 80d2 | 0800 a0f2 | 0800 c0f2 | 0001 1fd6 

  0x0000000112abcfd0: ;   {static_stub}
  0x0000000112abcfd0: df3f 03d5 

  0x0000000112abcfd4: ;   {metadata(nullptr)}
  0x0000000112abcfd4: 0c00 80d2 | 0c00 a0f2 | 0c00 c0f2 | 0800 80d2 | 0800 a0f2 | 0800 c0f2 | 0001 1fd6 
[Exception Handler]
  0x0000000112abcff0: ;   {runtime_call handle_exception_from_callee Runtime1 stub}
  0x0000000112abcff0: 848d f397 | c1d5 bbd4 | 7209 8f09 | 0100 0000 
[Deopt Handler Code]
  0x0000000112abd000: 1e00 0010 

  0x0000000112abd004: ;   {runtime_call DeoptimizationBlob}
  0x0000000112abd004: 0f57 f017 
[Deopt MH Handler Code]
  0x0000000112abd008: 1e00 0010 

  0x0000000112abd00c: ;   {runtime_call DeoptimizationBlob}
  0x0000000112abd00c: 0d57 f017 
[/MachCode]


Compiled method (n/a) 210433 7150     n 0       jdk.internal.vm.Continuation::enterSpecial (native)
 total in heap  [0x000000011283ea90,0x000000011283ee00] = 880
 relocation     [0x000000011283ebe0,0x000000011283ec08] = 40
 main code      [0x000000011283ec40,0x000000011283edb0] = 368
 stub code      [0x000000011283edb0,0x000000011283edf0] = 64
 metadata       [0x000000011283edf0,0x000000011283ee00] = 16

[Constant Pool (empty)]

[MachCode]
[Entry Point]
  # {method} {0x000000c000087000} 'enterSpecial' '(Ljdk/internal/vm/Continuation;ZZ)V' in 'jdk/internal/vm/Continuation'
  # parm0:    c_rarg1:c_rarg1 
                        = 'jdk/internal/vm/Continuation'
  # parm1:    c_rarg2   = boolean
  # parm2:    c_rarg3   = boolean
  #           [sp+0x50]  (sp of caller)
  0x000000011283ec40: 8286 40a9 | 8302 40f9 | 88a7 42f9 | ff63 28eb | 6900 0054 | e803 0091 | 88a7 02f9 | fd7b bfa9 
  0x000000011283ec60: fd03 0091 | ff03 01d1 | 88a3 42f9 | e807 00f9 | e803 0091 | 88a3 02f9 | e10b 00f9 | e323 00b9 
  0x000000011283ec80: ff0f 00f9 | ff27 00b9 | ff3b 00b9 | 88a7 42f9 | e817 00f9 | 88af 42f9 | e81b 00f9 | 9fa7 02f9 
  0x000000011283eca0: 9faf 02f9 | e203 00b5 

  0x000000011283eca8: ; ImmutableOopMap {}
                      ;   {static_call}
  0x000000011283eca8: b636 fa97 

  0x000000011283ecac: ;   {other}
  0x000000011283ecac: 1f20 03d5 | 9f43 80f2 | 1f00 80f2 | 1e00 0014 | 1f20 03d5 
[Verified Entry Point]
  0x000000011283ecc0: fd7b bfa9 | fd03 0091 | ff03 01d1 | 88a3 42f9 | e807 00f9 | e803 0091 | 88a3 02f9 | e10b 00f9 
  0x000000011283ece0: e323 00b9 | ff0f 00f9 | ff27 00b9 | ff3b 00b9 | 88a7 42f9 | e817 00f9 | 88af 42f9 | e81b 00f9 
  0x000000011283ed00: 9fa7 02f9 | 9faf 02f9 | c200 00b5 

  0x000000011283ed0c: ; ImmutableOopMap {}
                      ;   {static_call}
  0x000000011283ed0c: 3100 0094 

  0x000000011283ed10: ;   {other}
  0x000000011283ed10: 1f20 03d5 | 1f50 80f2 | 1f20 80f2 | 0500 0014 

  0x000000011283ed20: ; ImmutableOopMap {}
                      ;   {runtime_call StubRoutines (continuation stubs)}
  0x000000011283ed20: f851 f997 

  0x000000011283ed24: ;   {other}
  0x000000011283ed24: 1f20 03d5 | 9f52 80f2 | 1f40 80f2 | e817 40f9 | 88a7 02f9 | e81b 40f9 | 88af 02f9 | e907 40f9 
  0x000000011283ed44: 89a3 02f9 | fd03 0191 | bf03 0091 | fd7b c1a8 | c003 5fd6 
[Exception Handler]
  0x000000011283ed58: f303 00aa | e817 40f9 | 88a7 02f9 | e81b 40f9 | 88af 02f9 | e907 40f9 | 89a3 02f9 | fd03 0191 
  0x000000011283ed78: a107 40f9 | e003 1caa | e833 bfa9 | 0863 8cd2 | 482c a1f2 | 2800 c0f2 | 0001 3fd6 | e833 c1a8 
  0x000000011283ed98: e103 00aa | e003 13aa | bf03 0091 | fd7b c1a8 | e303 1eaa | 2000 1fd6 
[Stub Code]
  0x000000011283edb0: ;   {no_reloc}
  0x000000011283edb0: df3f 03d5 

  0x000000011283edb4: ;   {metadata(nullptr)}
  0x000000011283edb4: 0c00 80d2 | 0c00 a0f2 | 0c00 c0f2 | 0800 80d2 | 0800 a0f2 | 0800 c0f2 | 0001 1fd6 

  0x000000011283edd0: ;   {static_stub}
  0x000000011283edd0: df3f 03d5 

  0x000000011283edd4: ;   {metadata({method} {0x000000c000086f98} 'enter' '(Ljdk/internal/vm/Continuation;Z)V' in 'jdk/internal/vm/Continuation')}
  0x000000011283edd4: 0cf3 8dd2 | 0c01 a0f2 | 0c18 c0f2 | 084b 82d2 | a84d a2f2 | 2800 c0f2 | 0001 1fd6 
[/MachCode]


---------------  P R O C E S S  ---------------

Threads class SMR info:
_java_thread_list=0x0000000be67c90a0, length=59, elements={
0x0000000103828460, 0x0000000103828b60, 0x0000000be18fc000, 0x0000000be18fc700,
0x0000000be18fce00, 0x00000001038294e0, 0x0000000be18fd500, 0x0000000be18fdc00,
0x0000000be18fe300, 0x0000000be18fea00, 0x0000000be113c700, 0x0000000be113d500,
0x0000000be113f100, 0x0000000be3514700, 0x0000000be4b44700, 0x0000000be1b40700,
0x0000000be51c8700, 0x0000000be51c8e00, 0x0000000be51c9500, 0x0000000be53e0000,
0x0000000be6085500, 0x0000000be6100e00, 0x0000000be61f4700, 0x0000000be61f4e00,
0x0000000be61f5500, 0x0000000be6084e00, 0x0000000be61f6300, 0x0000000be6220000,
0x0000000be6220e00, 0x0000000be6221500, 0x0000000be6221c00, 0x0000000be6222300,
0x0000000be6222a00, 0x0000000be6223800, 0x0000000be6102a00, 0x0000000be6258700,
0x0000000be6258e00, 0x0000000be6259c00, 0x0000000be625a300, 0x0000000be625aa00,
0x0000000be625b100, 0x0000000be62fc000, 0x0000000be62fc700, 0x0000000be62fd500,
0x0000000be6324700, 0x0000000be6325500, 0x0000000be6325c00, 0x0000000be6326300,
0x0000000be6326a00, 0x0000000be6327100, 0x0000000be6327800, 0x0000000be62fe300,
0x0000000be62fea00, 0x0000000be6378700, 0x0000000be6378e00, 0x0000000be6473100,
0x0000000be6473800, 0x0000000be655f800, 0x0000000be67c6300
}

Java Threads: ( => current thread )
  0x0000000103828460 JavaThread "Reference Handler"          daemon [_thread_blocked, id=25347, stack(0x000000016e108000,0x000000016e30b000) (2060K)]
  0x0000000103828b60 JavaThread "Finalizer"                  daemon [_thread_blocked, id=25859, stack(0x000000016e314000,0x000000016e517000) (2060K)]
  0x0000000be18fc000 JavaThread "Signal Dispatcher"          daemon [_thread_blocked, id=26371, stack(0x000000016e520000,0x000000016e723000) (2060K)]
  0x0000000be18fc700 JavaThread "Service Thread"             daemon [_thread_blocked, id=26883, stack(0x000000016e72c000,0x000000016e92f000) (2060K)]
  0x0000000be18fce00 JavaThread "Monitor Deflation Thread"   daemon [_thread_blocked, id=27395, stack(0x000000016e938000,0x000000016eb3b000) (2060K)]
  0x00000001038294e0 JavaThread "C1 CompilerThread0"         daemon [_thread_blocked, id=30211, stack(0x000000016eb44000,0x000000016ed47000) (2060K)]
  0x0000000be18fd500 JavaThread "JDWP Transport Listener: dt_socket" daemon [_thread_blocked, id=27907, stack(0x000000016ef5c000,0x000000016f15f000) (2060K)]
  0x0000000be18fdc00 JavaThread "JDWP Event Helper Thread"   daemon [_thread_blocked, id=28163, stack(0x000000016f168000,0x000000016f36b000) (2060K)]
  0x0000000be18fe300 JavaThread "JDWP Command Reader"        daemon [_thread_in_native, id=28931, stack(0x000000016f374000,0x000000016f577000) (2060K)]
  0x0000000be18fea00 JavaThread "Common-Cleaner"             daemon [_thread_blocked, id=28419, stack(0x000000016f580000,0x000000016f783000) (2060K)]
  0x0000000be113c700 JavaThread "IntelliJ Suspend Helper"    daemon [_thread_blocked, id=43267, stack(0x000000016f78c000,0x000000016f98f000) (2060K)]
  0x0000000be113d500 JavaThread "Notification Thread"        daemon [_thread_blocked, id=33027, stack(0x000000016f998000,0x000000016fb9b000) (2060K)]
  0x0000000be113f100 JavaThread "CoarseTimer"                daemon [_thread_blocked, id=42755, stack(0x000000016fba4000,0x000000016fda7000) (2060K)]
  0x0000000be3514700 JavaThread "RMI TCP Accept-0"           daemon [_thread_in_native, id=33795, stack(0x000000016fdb0000,0x000000016ffb3000) (2060K)]
  0x0000000be4b44700 JavaThread "Attach Listener"            daemon [_thread_blocked, id=36463, stack(0x000000017101c000,0x000000017121f000) (2060K)]
  0x0000000be1b40700 JavaThread "RMI Scheduler(0)"           daemon [_thread_blocked, id=37891, stack(0x0000000171640000,0x0000000171843000) (2060K)]
  0x0000000be51c8700 JavaThread "Catalina-utility-1"                [_thread_blocked, id=40463, stack(0x000000017184c000,0x0000000171a4f000) (2060K)]
  0x0000000be51c8e00 JavaThread "Catalina-utility-2"                [_thread_blocked, id=40195, stack(0x0000000171a58000,0x0000000171c5b000) (2060K)]
  0x0000000be51c9500 JavaThread "container-0"                       [_thread_blocked, id=39683, stack(0x0000000171c64000,0x0000000171e67000) (2060K)]
  0x0000000be53e0000 JavaThread "HikariPool-1:housekeeper"   daemon [_thread_blocked, id=39171, stack(0x0000000171e70000,0x0000000172073000) (2060K)]
  0x0000000be6085500 JavaThread "HttpClient-1-SelectorManager" daemon [_thread_in_native, id=65027, stack(0x0000000172494000,0x0000000172697000) (2060K)]
  0x0000000be6100e00 JavaThread "HttpClient-2-SelectorManager" daemon [_thread_in_native, id=43787, stack(0x0000000172288000,0x000000017248b000) (2060K)]
  0x0000000be61f4700 JavaThread "HttpClient-3-SelectorManager" daemon [_thread_in_native, id=64515, stack(0x00000001726a0000,0x00000001728a3000) (2060K)]
  0x0000000be61f4e00 JavaThread "HttpClient-4-SelectorManager" daemon [_thread_in_native, id=64003, stack(0x00000001728ac000,0x0000000172aaf000) (2060K)]
  0x0000000be61f5500 JavaThread "HttpClient-5-SelectorManager" daemon [_thread_in_native, id=63491, stack(0x0000000172ab8000,0x0000000172cbb000) (2060K)]
  0x0000000be6084e00 JavaThread "HttpClient-6-SelectorManager" daemon [_thread_in_native, id=44035, stack(0x0000000172cc4000,0x0000000172ec7000) (2060K)]
  0x0000000be61f6300 JavaThread "HttpClient-7-SelectorManager" daemon [_thread_in_native, id=44547, stack(0x0000000172ed0000,0x00000001730d3000) (2060K)]
  0x0000000be6220000 JavaThread "HttpClient-8-SelectorManager" daemon [_thread_in_native, id=62979, stack(0x00000001730dc000,0x00000001732df000) (2060K)]
  0x0000000be6220e00 JavaThread "HttpClient-9-SelectorManager" daemon [_thread_in_native, id=62467, stack(0x00000001732e8000,0x00000001734eb000) (2060K)]
  0x0000000be6221500 JavaThread "HttpClient-10-SelectorManager" daemon [_thread_in_native, id=45315, stack(0x00000001734f4000,0x00000001736f7000) (2060K)]
  0x0000000be6221c00 JavaThread "HttpClient-11-SelectorManager" daemon [_thread_in_native, id=45571, stack(0x0000000173700000,0x0000000173903000) (2060K)]
  0x0000000be6222300 JavaThread "HttpClient-12-SelectorManager" daemon [_thread_in_native, id=46083, stack(0x000000017390c000,0x0000000173b0f000) (2060K)]
  0x0000000be6222a00 JavaThread "HttpClient-13-SelectorManager" daemon [_thread_in_native, id=46339, stack(0x0000000173b18000,0x0000000173d1b000) (2060K)]
  0x0000000be6223800 JavaThread "HttpClient-14-SelectorManager" daemon [_thread_in_native, id=46851, stack(0x0000000173d24000,0x0000000173f27000) (2060K)]
  0x0000000be6102a00 JavaThread "HttpClient-15-SelectorManager" daemon [_thread_in_native, id=61699, stack(0x0000000173f30000,0x0000000174133000) (2060K)]
  0x0000000be6258700 JavaThread "HttpClient-16-SelectorManager" daemon [_thread_in_native, id=47619, stack(0x000000017413c000,0x000000017433f000) (2060K)]
  0x0000000be6258e00 JavaThread "HttpClient-17-SelectorManager" daemon [_thread_in_native, id=61443, stack(0x0000000174348000,0x000000017454b000) (2060K)]
  0x0000000be6259c00 JavaThread "HttpClient-18-SelectorManager" daemon [_thread_in_native, id=48131, stack(0x0000000174554000,0x0000000174757000) (2060K)]
  0x0000000be625a300 JavaThread "HttpClient-19-SelectorManager" daemon [_thread_in_native, id=60931, stack(0x0000000174760000,0x0000000174963000) (2060K)]
  0x0000000be625aa00 JavaThread "HttpClient-20-SelectorManager" daemon [_thread_in_native, id=48899, stack(0x000000017496c000,0x0000000174b6f000) (2060K)]
  0x0000000be625b100 JavaThread "HttpClient-21-SelectorManager" daemon [_thread_in_native, id=60419, stack(0x0000000174b78000,0x0000000174d7b000) (2060K)]
  0x0000000be62fc000 JavaThread "http-nio-127.0.0.1-8099-Poller" daemon [_thread_in_native, id=49411, stack(0x0000000174d84000,0x0000000174f87000) (2060K)]
  0x0000000be62fc700 JavaThread "http-nio-127.0.0.1-8099-Acceptor" daemon [_thread_in_native, id=49667, stack(0x0000000174f90000,0x0000000175193000) (2060K)]
  0x0000000be62fd500 JavaThread "DestroyJavaVM"                     [_thread_blocked, id=3587, stack(0x000000016cf90000,0x000000016d193000) (2060K)]
  0x0000000be6324700 JavaThread "ForkJoinPool-1-worker-1"    daemon [_thread_blocked, id=27659, stack(0x000000016ed50000,0x000000016ef53000) (2060K)]
  0x0000000be6325500 JavaThread "ForkJoinPool-1-worker-2"    daemon [_thread_blocked, id=59683, stack(0x00000001753a8000,0x00000001755ab000) (2060K)]
  0x0000000be6325c00 JavaThread "ForkJoinPool-1-worker-3"    daemon [_thread_blocked, id=59395, stack(0x00000001755b4000,0x00000001757b7000) (2060K)]
  0x0000000be6326300 JavaThread "ForkJoinPool-1-worker-4"    daemon [_thread_blocked, id=59139, stack(0x00000001757c0000,0x00000001759c3000) (2060K)]
  0x0000000be6326a00 JavaThread "ForkJoinPool-1-worker-5"    daemon [_thread_in_Java, id=51203, stack(0x00000001759cc000,0x0000000175bcf000) (2060K)]
  0x0000000be6327100 JavaThread "ForkJoinPool-1-worker-6"    daemon [_thread_blocked, id=58883, stack(0x0000000175bd8000,0x0000000175ddb000) (2060K)]
=>0x0000000be6327800 JavaThread "ForkJoinPool-1-worker-7"    daemon [_thread_in_Java, id=51715, stack(0x0000000175de4000,0x0000000175fe7000) (2060K)]
  0x0000000be62fe300 JavaThread "ForkJoinPool-1-worker-8"    daemon [_thread_blocked, id=52227, stack(0x0000000175ff0000,0x00000001761f3000) (2060K)]
  0x0000000be62fea00 JavaThread "ForkJoinPool-1-worker-9"    daemon [_thread_blocked, id=58371, stack(0x00000001761fc000,0x00000001763ff000) (2060K)]
  0x0000000be6378700 JavaThread "ForkJoinPool-1-worker-10"   daemon [_thread_blocked, id=52739, stack(0x0000000176408000,0x000000017660b000) (2060K)]
  0x0000000be6378e00 JavaThread "VirtualThread-unparker"     daemon [_thread_blocked, id=57859, stack(0x0000000176614000,0x0000000176817000) (2060K)]
  0x0000000be6473100 JavaThread "HttpClient-22-SelectorManager" daemon [_thread_in_native, id=53507, stack(0x0000000176820000,0x0000000176a23000) (2060K)]
  0x0000000be6473800 JavaThread "HttpClient-23-SelectorManager" daemon [_thread_in_native, id=54019, stack(0x0000000176a2c000,0x0000000176c2f000) (2060K)]
  0x0000000be655f800 JavaThread "CompletableFutureDelayScheduler" daemon [_thread_blocked, id=54787, stack(0x0000000176e44000,0x0000000177047000) (2060K)]
  0x0000000be67c6300 JavaThread "HikariPool-1:connection-adder" daemon [_thread_blocked, id=59955, stack(0x0000000171434000,0x0000000171637000) (2060K)]
Total: 59

Other Threads:
  0x0000000be0845800 VMThread "VM Thread"                           [id=18947, stack(0x000000016dde4000,0x000000016dfe7000) (2060K)]
  0x0000000be0844c00 WatcherThread "VM Periodic Task Thread"        [id=20739, stack(0x000000016dbd8000,0x000000016dddb000) (2060K)]
  0x0000000103818510 WorkerThread "GC Thread#0"                     [id=14339, stack(0x000000016d19c000,0x000000016d39f000) (2060K)]
  0x0000000be0ef0400 WorkerThread "GC Thread#1"                     [id=34307, stack(0x000000016ffbc000,0x00000001701bf000) (2060K)]
  0x0000000be0ef1000 WorkerThread "GC Thread#2"                     [id=42243, stack(0x00000001701c8000,0x00000001703cb000) (2060K)]
  0x0000000be0ef2000 WorkerThread "GC Thread#3"                     [id=34819, stack(0x00000001703d4000,0x00000001705d7000) (2060K)]
  0x0000000be0ef2800 WorkerThread "GC Thread#4"                     [id=41987, stack(0x00000001705e0000,0x00000001707e3000) (2060K)]
  0x0000000be0ef3000 WorkerThread "GC Thread#5"                     [id=35331, stack(0x00000001707ec000,0x00000001709ef000) (2060K)]
  0x0000000be0ef3c00 WorkerThread "GC Thread#6"                     [id=35587, stack(0x00000001709f8000,0x0000000170bfb000) (2060K)]
  0x0000000be0f48000 WorkerThread "GC Thread#7"                     [id=41219, stack(0x0000000170c04000,0x0000000170e07000) (2060K)]
  0x0000000be0f48800 WorkerThread "GC Thread#8"                     [id=40707, stack(0x0000000170e10000,0x0000000171013000) (2060K)]
  0x0000000103818e30 ConcurrentGCThread "G1 Main Marker"            [id=12547, stack(0x000000016d3a8000,0x000000016d5ab000) (2060K)]
  0x00000001038198d0 WorkerThread "G1 Conc#0"                       [id=12803, stack(0x000000016d5b4000,0x000000016d7b7000) (2060K)]
  0x0000000be00a5400 WorkerThread "G1 Conc#1"                       [id=36867, stack(0x0000000171228000,0x000000017142b000) (2060K)]
  0x0000000be0c40f00 ConcurrentGCThread "G1 Refine#0"               [id=13315, stack(0x000000016d7c0000,0x000000016d9c3000) (2060K)]
  0x0000000be0844000 ConcurrentGCThread "G1 Service"                [id=21507, stack(0x000000016d9cc000,0x000000016dbcf000) (2060K)]
Total: 16

Threads with active compile tasks:
Total: 0

VM state: not at safepoint (normal execution)

VM Mutex/Monitor currently owned by a thread: None

Heap address: 0x0000000700000000, size: 4096 MB, Compressed Oops mode: Zero based, Oop shift amount: 3

CDS archive(s) mapped at: [0x000000c000000000-0x000000c000cfc000-0x000000c000cfc000), size 13615104, SharedBaseAddress: 0x000000c000000000, ArchiveRelocationMode: 1.
Compressed class space mapped at: 0x000000c001000000-0x000000c041000000, reserved size: 1073741824
Narrow klass base: 0x000000c000000000, Narrow klass shift: 0, Narrow klass range: 0x100000000

GC Precious Log:
 CardTable entry size: 512
 Card Set container configuration: InlinePtr #cards 4 size 8 Array Of Cards #cards 16 size 48 Howl #buckets 8 coarsen threshold 3686 Howl Bitmap #cards 512 size 80 coarsen threshold 460 Card regions per heap region 1 cards per card region 4096
 CPUs: 10 total, 10 available
 Memory: 16384M
 Large Page Support: Disabled
 NUMA Support: Disabled
 Compressed Oops: Enabled (Zero based)
 Heap Region Size: 2M
 Heap Min Capacity: 8M
 Heap Initial Capacity: 256M
 Heap Max Capacity: 4G
 Pre-touch: Disabled
 Parallel Workers: 9
 Concurrent Workers: 2
 Concurrent Refinement Workers: 9
 Periodic GC: Disabled

Heap:
 garbage-first heap   total 94208K, used 76606K [0x0000000700000000, 0x0000000800000000)
  region size 2048K, 26 young (53248K), 4 survivors (8192K)
 Metaspace       used 72258K, committed 73344K, reserved 1114112K
  class space    used 9677K, committed 10176K, reserved 1048576K

Heap Regions: E=young(eden), S=young(survivor), O=old, HS=humongous(starts), HC=humongous(continues), CS=collection set, F=free, TAMS=top-at-mark-start, PB=parsable bottom
|   0|0x0000000700000000, 0x0000000700200000, 0x0000000700200000|100%| O|  |TAMS 0x0000000700000000| PB 0x0000000700000000| Untracked 
|   1|0x0000000700200000, 0x0000000700400000, 0x0000000700400000|100%| O|  |TAMS 0x0000000700200000| PB 0x0000000700200000| Untracked 
|   2|0x0000000700400000, 0x00000007005827d0, 0x0000000700600000| 75%| O|Cm|TAMS 0x0000000700400000| PB 0x0000000700400000| Complete 
|   3|0x0000000700600000, 0x0000000700800000, 0x0000000700800000|100%| O|  |TAMS 0x0000000700600000| PB 0x0000000700600000| Untracked 
|   4|0x0000000700800000, 0x0000000700a00000, 0x0000000700a00000|100%| O|  |TAMS 0x0000000700800000| PB 0x0000000700800000| Untracked 
|   5|0x0000000700a00000, 0x0000000700c00000, 0x0000000700c00000|100%| O|  |TAMS 0x0000000700a00000| PB 0x0000000700a00000| Untracked 
|   6|0x0000000700c00000, 0x0000000700e00000, 0x0000000700e00000|100%| O|  |TAMS 0x0000000700c00000| PB 0x0000000700c00000| Untracked 
|   7|0x0000000700e00000, 0x0000000701000000, 0x0000000701000000|100%| O|  |TAMS 0x0000000700e00000| PB 0x0000000700e00000| Untracked 
|   8|0x0000000701000000, 0x0000000701200000, 0x0000000701200000|100%| O|  |TAMS 0x0000000701000000| PB 0x0000000701000000| Untracked 
|   9|0x0000000701200000, 0x0000000701400000, 0x0000000701400000|100%| O|  |TAMS 0x0000000701200000| PB 0x0000000701200000| Untracked 
|  10|0x0000000701400000, 0x0000000701600000, 0x0000000701600000|100%| O|  |TAMS 0x0000000701400000| PB 0x0000000701400000| Untracked 
|  11|0x0000000701600000, 0x0000000701800000, 0x0000000701800000|100%| O|  |TAMS 0x0000000701600000| PB 0x0000000701600000| Untracked 
|  12|0x0000000701800000, 0x0000000701a00000, 0x0000000701a00000|100%| O|  |TAMS 0x0000000701800000| PB 0x0000000701800000| Untracked 
|  13|0x0000000701a00000, 0x0000000701c00000, 0x0000000701c00000|100%| O|  |TAMS 0x0000000701a00000| PB 0x0000000701a00000| Untracked 
|  14|0x0000000701c00000, 0x0000000701cba128, 0x0000000701e00000| 36%| O|  |TAMS 0x0000000701c00000| PB 0x0000000701c00000| Untracked 
|  15|0x0000000701e00000, 0x0000000702000000, 0x0000000702000000|100%| S|CS|TAMS 0x0000000701e00000| PB 0x0000000701e00000| Complete 
|  16|0x0000000702000000, 0x0000000702200000, 0x0000000702200000|100%| S|CS|TAMS 0x0000000702000000| PB 0x0000000702000000| Complete 
|  17|0x0000000702200000, 0x0000000702400000, 0x0000000702400000|100%| S|CS|TAMS 0x0000000702200000| PB 0x0000000702200000| Complete 
|  18|0x0000000702400000, 0x0000000702400000, 0x0000000702600000|  0%| F|  |TAMS 0x0000000702400000| PB 0x0000000702400000| Untracked 
|  19|0x0000000702600000, 0x0000000702600000, 0x0000000702800000|  0%| F|  |TAMS 0x0000000702600000| PB 0x0000000702600000| Untracked 
|  20|0x0000000702800000, 0x0000000702800000, 0x0000000702a00000|  0%| F|  |TAMS 0x0000000702800000| PB 0x0000000702800000| Untracked 
|  21|0x0000000702a00000, 0x0000000702a00000, 0x0000000702c00000|  0%| F|  |TAMS 0x0000000702a00000| PB 0x0000000702a00000| Untracked 
|  22|0x0000000702c00000, 0x0000000702c00000, 0x0000000702e00000|  0%| F|  |TAMS 0x0000000702c00000| PB 0x0000000702c00000| Untracked 
|  23|0x0000000702e00000, 0x0000000702e97018, 0x0000000703000000| 29%| E|  |TAMS 0x0000000702e00000| PB 0x0000000702e00000| Complete 
|  24|0x0000000703000000, 0x0000000703200000, 0x0000000703200000|100%| E|CS|TAMS 0x0000000703000000| PB 0x0000000703000000| Complete 
|  25|0x0000000703200000, 0x0000000703400000, 0x0000000703400000|100%| E|CS|TAMS 0x0000000703200000| PB 0x0000000703200000| Complete 
|  26|0x0000000703400000, 0x0000000703600000, 0x0000000703600000|100%| E|CS|TAMS 0x0000000703400000| PB 0x0000000703400000| Complete 
|  27|0x0000000703600000, 0x0000000703800000, 0x0000000703800000|100%| E|CS|TAMS 0x0000000703600000| PB 0x0000000703600000| Complete 
|  28|0x0000000703800000, 0x0000000703a00000, 0x0000000703a00000|100%| E|CS|TAMS 0x0000000703800000| PB 0x0000000703800000| Complete 
|  29|0x0000000703a00000, 0x0000000703c00000, 0x0000000703c00000|100%| E|CS|TAMS 0x0000000703a00000| PB 0x0000000703a00000| Complete 
|  30|0x0000000703c00000, 0x0000000703e00000, 0x0000000703e00000|100%| E|CS|TAMS 0x0000000703c00000| PB 0x0000000703c00000| Complete 
|  31|0x0000000703e00000, 0x0000000704000000, 0x0000000704000000|100%| E|CS|TAMS 0x0000000703e00000| PB 0x0000000703e00000| Complete 
|  32|0x0000000704000000, 0x0000000704200000, 0x0000000704200000|100%| E|CS|TAMS 0x0000000704000000| PB 0x0000000704000000| Complete 
|  33|0x0000000704200000, 0x0000000704400000, 0x0000000704400000|100%| E|CS|TAMS 0x0000000704200000| PB 0x0000000704200000| Complete 
|  34|0x0000000704400000, 0x0000000704600000, 0x0000000704600000|100%| E|CS|TAMS 0x0000000704400000| PB 0x0000000704400000| Complete 
|  35|0x0000000704600000, 0x0000000704800000, 0x0000000704800000|100%| E|  |TAMS 0x0000000704600000| PB 0x0000000704600000| Complete 
|  36|0x0000000704800000, 0x0000000704a00000, 0x0000000704a00000|100%| E|CS|TAMS 0x0000000704800000| PB 0x0000000704800000| Complete 
|  37|0x0000000704a00000, 0x0000000704c00000, 0x0000000704c00000|100%| E|CS|TAMS 0x0000000704a00000| PB 0x0000000704a00000| Complete 
|  38|0x0000000704c00000, 0x0000000704e00000, 0x0000000704e00000|100%| E|CS|TAMS 0x0000000704c00000| PB 0x0000000704c00000| Complete 
|  39|0x0000000704e00000, 0x0000000705000000, 0x0000000705000000|100%| E|CS|TAMS 0x0000000704e00000| PB 0x0000000704e00000| Complete 
|  40|0x0000000705000000, 0x0000000705200000, 0x0000000705200000|100%| E|CS|TAMS 0x0000000705000000| PB 0x0000000705000000| Complete 
|  41|0x0000000705200000, 0x0000000705400000, 0x0000000705400000|100%| E|CS|TAMS 0x0000000705200000| PB 0x0000000705200000| Complete 
|  42|0x0000000705400000, 0x0000000705600000, 0x0000000705600000|100%| E|CS|TAMS 0x0000000705400000| PB 0x0000000705400000| Complete 
|  43|0x0000000705600000, 0x0000000705800000, 0x0000000705800000|100%| E|CS|TAMS 0x0000000705600000| PB 0x0000000705600000| Complete 
|  44|0x0000000705800000, 0x0000000705892fa0, 0x0000000705a00000| 28%| S|CS|TAMS 0x0000000705800000| PB 0x0000000705800000| Complete 
|2047|0x00000007ffe00000, 0x0000000800000000, 0x0000000800000000|100%| E|CS|TAMS 0x00000007ffe00000| PB 0x00000007ffe00000| Complete 

Card table byte_map: [0x00000001083f4000,0x0000000108bf4000] _byte_map_base: 0x0000000104bf4000

Marking Bits: (CMBitMap*) 0x0000000be0c40a10
 Bits: [0x0000000115690000, 0x0000000119690000)

Polling page: 0x0000000102f24000

Metaspace:

Usage:
  Non-class:     61.11 MB used.
      Class:      9.45 MB used.
       Both:     70.56 MB used.

Virtual space:
  Non-class space:       64.00 MB reserved,      61.69 MB ( 96%) committed,  1 nodes.
      Class space:        1.00 GB reserved,       9.94 MB ( <1%) committed,  1 nodes.
             Both:        1.06 GB reserved,      71.62 MB (  7%) committed. 

Chunk freelists:
   Non-Class:  2.05 MB
       Class:  6.01 MB
        Both:  8.05 MB

MaxMetaspaceSize: unlimited
CompressedClassSpaceSize: 1.00 GB
Initial GC threshold: 21.00 MB
Current GC threshold: 99.81 MB
CDS: on
 - commit_granule_bytes: 65536.
 - commit_granule_words: 8192.
 - virtual_space_node_default_size: 8388608.
 - enlarge_chunks_in_place: 1.
 - use_allocation_guard: 0.


Internal statistics:

num_allocs_failed_limit: 15.
num_arena_births: 1812.
num_arena_deaths: 0.
num_vsnodes_births: 2.
num_vsnodes_deaths: 0.
num_space_committed: 1146.
num_space_uncommitted: 0.
num_chunks_returned_to_freelist: 15.
num_chunks_taken_from_freelist: 4315.
num_chunk_merges: 9.
num_chunk_splits: 2860.
num_chunks_enlarged: 1907.
num_inconsistent_stats: 0.

CodeCache: size=49152Kb used=15351Kb max_used=15351Kb free=33800Kb
 bounds [0x0000000112690000, 0x0000000113590000, 0x0000000115690000]
 total_blobs=9371, nmethods=8639, adapters=660, full_count=0
Compilation: enabled, stopped_count=0, restarted_count=0

Compilation events (20 events):
Event: 210.386 Thread 0x00000001038294e0 8764   !   1       com.intellij.rt.debugger.agent.CaptureStorage$6::run (102 bytes)
Event: 210.387 Thread 0x00000001038294e0 nmethod 8764 0x000000011354e790 code [0x000000011354ea80, 0x000000011354f218]
Event: 210.387 Thread 0x00000001038294e0 8765       1       com.intellij.rt.debugger.agent.CaptureStorage$6::<init> (10 bytes)
Event: 210.387 Thread 0x00000001038294e0 nmethod 8765 0x000000011354fa10 code [0x000000011354fb80, 0x000000011354fca0]
Event: 210.387 Thread 0x00000001038294e0 8766   !   1       com.intellij.rt.debugger.agent.CaptureStorage$7::run (87 bytes)
Event: 210.387 Thread 0x00000001038294e0 nmethod 8766 0x000000011354fd10 code [0x000000011354ffc0, 0x00000001135505e0]
Event: 210.387 Thread 0x00000001038294e0 8767       1       com.intellij.rt.debugger.agent.CaptureStorage::insertExit (28 bytes)
Event: 210.387 Thread 0x00000001038294e0 nmethod 8767 0x0000000113550c10 code [0x0000000113550dc0, 0x0000000113551030]
Event: 210.387 Thread 0x00000001038294e0 8768       1       com.intellij.rt.debugger.agent.CaptureStorage$7::<init> (10 bytes)
Event: 210.387 Thread 0x00000001038294e0 nmethod 8768 0x0000000113551210 code [0x0000000113551380, 0x00000001135514a0]
Event: 210.387 Thread 0x00000001038294e0 8769       1       java.util.LinkedList::pollLast (19 bytes)
Event: 210.387 Thread 0x00000001038294e0 nmethod 8769 0x0000000113551510 code [0x00000001135516c0, 0x0000000113551810]
Event: 210.387 Thread 0x00000001038294e0 8759       1       sun.nio.ch.Util$2::clear (10 bytes)
Event: 210.387 Thread 0x00000001038294e0 nmethod 8759 0x0000000113551890 code [0x0000000113551a40, 0x0000000113551b60]
Event: 210.387 Thread 0x00000001038294e0 8760       1       jdk.internal.net.http.ConnectionPool::purgeExpiredConnectionsAndReturnNextDeadline (20 bytes)
Event: 210.388 Thread 0x00000001038294e0 nmethod 8760 0x0000000113551c10 code [0x0000000113551dc0, 0x0000000113551f48]
Event: 210.388 Thread 0x00000001038294e0 8761       1       java.lang.invoke.VarHandleGuards::guard_LLL_L (98 bytes)
Event: 210.388 Thread 0x00000001038294e0 nmethod 8761 0x0000000113552010 code [0x00000001135522c0, 0x0000000113552e40]
Event: 210.388 Thread 0x00000001038294e0 8762       1       java.lang.invoke.VarHandleReferences$FieldInstanceReadWrite::compareAndExchange (48 bytes)
Event: 210.389 Thread 0x00000001038294e0 nmethod 8762 0x0000000113553690 code [0x00000001135538c0, 0x0000000113553d70]

GC Heap History (20 events):
Event: 0.819 GC heap before
{Heap before GC invocations=6 (full 0):
 garbage-first heap   total 40960K, used 27584K [0x0000000700000000, 0x0000000800000000)
  region size 2048K, 10 young (20480K), 2 survivors (4096K)
 Metaspace       used 28651K, committed 29056K, reserved 1114112K
  class space    used 3641K, committed 3776K, reserved 1048576K
}
Event: 0.820 GC heap after
{Heap after GC invocations=7 (full 0):
 garbage-first heap   total 40960K, used 14831K [0x0000000700000000, 0x0000000800000000)
  region size 2048K, 2 young (4096K), 2 survivors (4096K)
 Metaspace       used 28651K, committed 29056K, reserved 1114112K
  class space    used 3641K, committed 3776K, reserved 1048576K
}
Event: 0.882 GC heap before
{Heap before GC invocations=7 (full 0):
 garbage-first heap   total 40960K, used 27119K [0x0000000700000000, 0x0000000800000000)
  region size 2048K, 9 young (18432K), 2 survivors (4096K)
 Metaspace       used 29781K, committed 30144K, reserved 1114112K
  class space    used 3783K, committed 3968K, reserved 1048576K
}
Event: 0.885 GC heap after
{Heap after GC invocations=8 (full 0):
 garbage-first heap   total 151552K, used 17147K [0x0000000700000000, 0x0000000800000000)
  region size 2048K, 2 young (4096K), 2 survivors (4096K)
 Metaspace       used 29781K, committed 30144K, reserved 1114112K
  class space    used 3783K, committed 3968K, reserved 1048576K
}
Event: 1.194 GC heap before
{Heap before GC invocations=8 (full 0):
 garbage-first heap   total 151552K, used 78587K [0x0000000700000000, 0x0000000800000000)
  region size 2048K, 34 young (69632K), 2 survivors (4096K)
 Metaspace       used 35689K, committed 36160K, reserved 1114112K
  class space    used 4623K, committed 4800K, reserved 1048576K
}
Event: 1.197 GC heap after
{Heap after GC invocations=9 (full 0):
 garbage-first heap   total 151552K, used 20256K [0x0000000700000000, 0x0000000800000000)
  region size 2048K, 4 young (8192K), 4 survivors (8192K)
 Metaspace       used 35689K, committed 36160K, reserved 1114112K
  class space    used 4623K, committed 4800K, reserved 1048576K
}
Event: 1.458 GC heap before
{Heap before GC invocations=10 (full 0):
 garbage-first heap   total 75776K, used 57120K [0x0000000700000000, 0x0000000800000000)
  region size 2048K, 22 young (45056K), 4 survivors (8192K)
 Metaspace       used 41737K, committed 42432K, reserved 1114112K
  class space    used 5528K, committed 5824K, reserved 1048576K
}
Event: 1.460 GC heap after
{Heap after GC invocations=11 (full 0):
 garbage-first heap   total 75776K, used 22604K [0x0000000700000000, 0x0000000800000000)
  region size 2048K, 2 young (4096K), 2 survivors (4096K)
 Metaspace       used 41737K, committed 42432K, reserved 1114112K
  class space    used 5528K, committed 5824K, reserved 1048576K
}
Event: 1.735 GC heap before
{Heap before GC invocations=11 (full 0):
 garbage-first heap   total 75776K, used 61516K [0x0000000700000000, 0x0000000800000000)
  region size 2048K, 21 young (43008K), 2 survivors (4096K)
 Metaspace       used 50267K, committed 51008K, reserved 1114112K
  class space    used 6661K, committed 6976K, reserved 1048576K
}
Event: 1.736 GC heap after
{Heap after GC invocations=12 (full 0):
 garbage-first heap   total 75776K, used 24221K [0x0000000700000000, 0x0000000800000000)
  region size 2048K, 2 young (4096K), 2 survivors (4096K)
 Metaspace       used 50267K, committed 51008K, reserved 1114112K
  class space    used 6661K, committed 6976K, reserved 1048576K
}
Event: 1.807 GC heap before
{Heap before GC invocations=12 (full 0):
 garbage-first heap   total 75776K, used 61085K [0x0000000700000000, 0x0000000800000000)
  region size 2048K, 21 young (43008K), 2 survivors (4096K)
 Metaspace       used 51027K, committed 51712K, reserved 1114112K
  class space    used 6746K, committed 7040K, reserved 1048576K
}
Event: 1.808 GC heap after
{Heap after GC invocations=13 (full 0):
 garbage-first heap   total 75776K, used 25265K [0x0000000700000000, 0x0000000800000000)
  region size 2048K, 2 young (4096K), 2 survivors (4096K)
 Metaspace       used 51027K, committed 51712K, reserved 1114112K
  class space    used 6746K, committed 7040K, reserved 1048576K
}
Event: 1.880 GC heap before
{Heap before GC invocations=13 (full 0):
 garbage-first heap   total 75776K, used 64177K [0x0000000700000000, 0x0000000800000000)
  region size 2048K, 21 young (43008K), 2 survivors (4096K)
 Metaspace       used 51795K, committed 52544K, reserved 1114112K
  class space    used 6830K, committed 7168K, reserved 1048576K
}
Event: 1.882 GC heap after
{Heap after GC invocations=14 (full 0):
 garbage-first heap   total 75776K, used 26690K [0x0000000700000000, 0x0000000800000000)
  region size 2048K, 3 young (6144K), 3 survivors (6144K)
 Metaspace       used 51795K, committed 52544K, reserved 1114112K
  class space    used 6830K, committed 7168K, reserved 1048576K
}
Event: 1.994 GC heap before
{Heap before GC invocations=14 (full 0):
 garbage-first heap   total 75776K, used 65602K [0x0000000700000000, 0x0000000800000000)
  region size 2048K, 22 young (45056K), 3 survivors (6144K)
 Metaspace       used 54994K, committed 55808K, reserved 1114112K
  class space    used 7242K, committed 7616K, reserved 1048576K
}
Event: 1.996 GC heap after
{Heap after GC invocations=15 (full 0):
 garbage-first heap   total 92160K, used 29337K [0x0000000700000000, 0x0000000800000000)
  region size 2048K, 3 young (6144K), 3 survivors (6144K)
 Metaspace       used 54994K, committed 55808K, reserved 1114112K
  class space    used 7242K, committed 7616K, reserved 1048576K
}
Event: 2.126 GC heap before
{Heap before GC invocations=15 (full 0):
 garbage-first heap   total 92160K, used 55961K [0x0000000700000000, 0x0000000800000000)
  region size 2048K, 17 young (34816K), 3 survivors (6144K)
 Metaspace       used 59698K, committed 60480K, reserved 1114112K
  class space    used 7840K, committed 8192K, reserved 1048576K
}
Event: 2.129 GC heap after
{Heap after GC invocations=16 (full 0):
 garbage-first heap   total 92160K, used 32142K [0x0000000700000000, 0x0000000800000000)
  region size 2048K, 4 young (8192K), 4 survivors (8192K)
 Metaspace       used 59698K, committed 60480K, reserved 1114112K
  class space    used 7840K, committed 8192K, reserved 1048576K
}
Event: 4.563 GC heap before
{Heap before GC invocations=17 (full 0):
 garbage-first heap   total 92160K, used 79246K [0x0000000700000000, 0x0000000800000000)
  region size 2048K, 27 young (55296K), 4 survivors (8192K)
 Metaspace       used 66566K, committed 67520K, reserved 1114112K
  class space    used 8824K, committed 9280K, reserved 1048576K
}
Event: 4.566 GC heap after
{Heap after GC invocations=18 (full 0):
 garbage-first heap   total 94208K, used 35646K [0x0000000700000000, 0x0000000800000000)
  region size 2048K, 4 young (8192K), 4 survivors (8192K)
 Metaspace       used 66566K, committed 67520K, reserved 1114112K
  class space    used 8824K, committed 9280K, reserved 1048576K
}

Dll operation events (11 events):
Event: 0.008 Loaded shared library /Library/Java/JavaVirtualMachines/zulu-21.jdk/Contents/Home/lib/libjava.dylib
Event: 0.010 Loaded shared library /Library/Java/JavaVirtualMachines/zulu-21.jdk/Contents/Home/lib/libzip.dylib
Event: 0.075 Loaded shared library /Library/Java/JavaVirtualMachines/zulu-21.jdk/Contents/Home/lib/libinstrument.dylib
Event: 0.082 Loaded shared library /Library/Java/JavaVirtualMachines/zulu-21.jdk/Contents/Home/lib/libnio.dylib
Event: 0.086 Loaded shared library /Library/Java/JavaVirtualMachines/zulu-21.jdk/Contents/Home/lib/libnet.dylib
Event: 0.129 Loaded shared library /Library/Java/JavaVirtualMachines/zulu-21.jdk/Contents/Home/lib/libjimage.dylib
Event: 0.136 Loaded shared library /Library/Java/JavaVirtualMachines/zulu-21.jdk/Contents/Home/lib/libzip.dylib
Event: 0.172 Loaded shared library /Library/Java/JavaVirtualMachines/zulu-21.jdk/Contents/Home/lib/libmanagement.dylib
Event: 0.177 Loaded shared library /Library/Java/JavaVirtualMachines/zulu-21.jdk/Contents/Home/lib/libmanagement_ext.dylib
Event: 0.270 Loaded shared library /Library/Java/JavaVirtualMachines/zulu-21.jdk/Contents/Home/lib/libextnet.dylib
Event: 1.619 Loaded shared library /private/var/folders/7d/0ry9_q1n4bg69f1d7hk7vyq00000gn/T/sqlite-3.46.1.3-e65971f5-e788-47a6-8d69-e56bb5f16663-libsqlitejdbc.dylib

Deoptimization events (20 events):
Event: 9.365 Thread 0x0000000be6326300 DEOPT PACKING pc=0x0000000113209f1c sp=0x00000001759c01d0
Event: 9.365 Thread 0x0000000be6326300 DEOPT UNPACKING pc=0x00000001126d2e7c sp=0x00000001759bfed0 mode 1
Event: 9.365 Thread 0x0000000be6326300 DEOPT PACKING pc=0x00000001130e6f24 sp=0x00000001759c01d0
Event: 9.365 Thread 0x0000000be6326300 DEOPT UNPACKING pc=0x00000001126d2e7c sp=0x00000001759bfe90 mode 1
Event: 9.365 Thread 0x0000000be6326300 DEOPT PACKING pc=0x0000000113209f1c sp=0x00000001759c0370
Event: 9.365 Thread 0x0000000be6326300 DEOPT UNPACKING pc=0x00000001126d2e7c sp=0x00000001759c0070 mode 1
Event: 9.365 Thread 0x0000000be6326300 DEOPT PACKING pc=0x00000001134b97d0 sp=0x00000001759c0490
Event: 9.365 Thread 0x0000000be6326300 DEOPT UNPACKING pc=0x00000001126d2e7c sp=0x00000001759c0150 mode 1
Event: 9.365 Thread 0x0000000be6326300 DEOPT PACKING pc=0x0000000113209f1c sp=0x00000001759c01d0
Event: 9.365 Thread 0x0000000be6326300 DEOPT UNPACKING pc=0x00000001126d2e7c sp=0x00000001759bfed0 mode 1
Event: 9.365 Thread 0x0000000be6326300 DEOPT PACKING pc=0x00000001130e6f24 sp=0x00000001759c01d0
Event: 9.365 Thread 0x0000000be6326300 DEOPT UNPACKING pc=0x00000001126d2e7c sp=0x00000001759bfe90 mode 1
Event: 9.365 Thread 0x0000000be6326300 DEOPT PACKING pc=0x0000000113209f1c sp=0x00000001759c0370
Event: 9.365 Thread 0x0000000be6326300 DEOPT UNPACKING pc=0x00000001126d2e7c sp=0x00000001759c0070 mode 1
Event: 9.365 Thread 0x0000000be6326300 DEOPT PACKING pc=0x00000001134b97d0 sp=0x00000001759c0490
Event: 9.365 Thread 0x0000000be6326300 DEOPT UNPACKING pc=0x00000001126d2e7c sp=0x00000001759c0150 mode 1
Event: 42.439 Thread 0x0000000be6326300 DEOPT PACKING pc=0x000000011283d9e0 sp=0x00000001759c2860
Event: 42.439 Thread 0x0000000be6326300 DEOPT UNPACKING pc=0x00000001126d2e7c sp=0x00000001759c2540 mode 0
Event: 68.751 Thread 0x0000000be6326300 DEOPT PACKING pc=0x000000011283d9e0 sp=0x00000001759c2860
Event: 68.751 Thread 0x0000000be6326300 DEOPT UNPACKING pc=0x00000001126d2e7c sp=0x00000001759c2540 mode 0

Classes loaded (20 events):
Event: 56.881 Loading class com/codespar/model/dto/GenerationDTO$GenerateParams
Event: 56.881 Loading class com/codespar/model/dto/GenerationDTO$GenerateParams done
Event: 56.886 Loading class com/codespar/service/GenerationService
Event: 56.886 Loading class com/codespar/service/GenerationService done
Event: 56.904 Loading class jdk/internal/loader/BootLoader$PackageHelper$1
Event: 56.904 Loading class jdk/internal/loader/BootLoader$PackageHelper$1 done
Event: 56.905 Loading class jdk/internal/loader/BootLoader$PackageHelper$2
Event: 56.905 Loading class jdk/internal/loader/BootLoader$PackageHelper$2 done
Event: 56.905 Loading class java/util/jar/JarInputStream
Event: 56.905 Loading class java/util/jar/JarInputStream done
Event: 56.906 Loading class java/util/AbstractList$RandomAccessSubList
Event: 56.906 Loading class java/util/AbstractList$RandomAccessSubList done
Event: 56.906 Loading class com/intellij/rt/debugger/agent/CaptureStorage$StackData
Event: 56.906 Loading class com/intellij/rt/debugger/agent/CaptureStorage$StackData done
Event: 76.619 Loading class com/codespar/ai/PromptBuilder$1
Event: 76.619 Loading class com/codespar/ai/PromptBuilder$1 done
Event: 76.627 Loading class com/baomidou/mybatisplus/core/toolkit/support/SFunction
Event: 76.627 Loading class com/baomidou/mybatisplus/core/toolkit/support/SFunction done
Event: 76.628 Loading class com/codespar/model/entity/SystemPromptOverride
Event: 76.628 Loading class com/codespar/model/entity/SystemPromptOverride done

Classes unloaded (0 events):
No events

Classes redefined (1 events):
Event: 0.122 Thread 0x0000000be0845800 redefined class name=java.lang.Throwable, count=1

Internal exceptions (20 events):
Event: 4.301 Thread 0x0000000be6324700 Exception <a 'java/lang/NoSuchMethodError'{0x0000000703192d48}: 'java.lang.Object java.lang.invoke.Invokers$Holder.linkToTargetMethod(java.lang.Object, java.lang.Object, java.lang.Object, long, java.lang.Object)'> (0x0000000703192d48) 
thrown [src/hotspot/share/interpreter/linkResolver.cpp, line 773]
Event: 4.576 Thread 0x0000000be6327800 Exception <a 'java/lang/NoSuchMethodError'{0x00000007fffabb68}: 'void java.lang.invoke.DirectMethodHandle$Holder.invokeSpecialIFC(java.lang.Object, java.lang.Object, java.lang.Object, java.lang.Object, java.lang.Object, java.lang.Object)'> (0x00000007fffabb68) 
thrown [src/hotspot/share/interpreter/linkResolver.cpp, line 773]
Event: 4.599 Thread 0x0000000be6326300 Exception <a 'java/lang/NoSuchMethodError'{0x0000000705569b68}: method resolution failed> (0x0000000705569b68) 
thrown [src/hotspot/share/prims/methodHandles.cpp, line 1136]
Event: 4.602 Thread 0x0000000be6327800 Exception <a 'java/lang/NoSuchMethodError'{0x0000000705227480}: 'void java.lang.invoke.DirectMethodHandle$Holder.invokeSpecialIFC(java.lang.Object, java.lang.Object, java.lang.Object)'> (0x0000000705227480) 
thrown [src/hotspot/share/interpreter/linkResolver.cpp, line 773]
Event: 4.622 Thread 0x0000000be6326300 Exception <a 'java/lang/NoSuchMethodError'{0x0000000704e05cd0}: 'java.lang.Object java.lang.invoke.DelegatingMethodHandle$Holder.reinvoke_L(java.lang.Object, java.lang.Object, java.lang.Object, java.lang.Object, java.lang.Object, java.lang.Object, java.lang.Object, java.lang.Object, java.lang.Object, java.lang.Object, java.lang.Object, java.lang.Object, java.lang.Object, java.lang.Object, java.lang.Object, java.lang.Object, java.lang.Object, java.lang.Object, java.lang.Object, java.lang.Object, java.lang.O
Event: 4.626 Thread 0x0000000be6326300 Exception <a 'java/lang/IncompatibleClassChangeError'{0x0000000704eacb80}: Found class java.lang.Object, but interface was expected> (0x0000000704eacb80) 
thrown [src/hotspot/share/interpreter/linkResolver.cpp, line 840]
Event: 4.634 Thread 0x0000000be6326300 Exception <a 'java/lang/NoSuchMethodError'{0x0000000704c189d8}: 'void java.lang.invoke.DirectMethodHandle$Holder.invokeStatic(java.lang.Object, java.lang.Object, java.lang.Object, java.lang.Object, java.lang.Object, java.lang.Object, java.lang.Object)'> (0x0000000704c189d8) 
thrown [src/hotspot/share/interpreter/linkResolver.cpp, line 773]
Event: 4.646 Thread 0x0000000be6473100 Exception <a 'java/lang/NoSuchMethodError'{0x000000070571b778}: 'int java.lang.invoke.DirectMethodHandle$Holder.invokeStatic(java.lang.Object, int, java.lang.Object)'> (0x000000070571b778) 
thrown [src/hotspot/share/interpreter/linkResolver.cpp, line 773]
Event: 5.381 Thread 0x0000000be6578700 Exception <a 'java/lang/NoSuchMethodError'{0x000000070433fb40}: 'java.lang.Object java.lang.invoke.DirectMethodHandle$Holder.invokeStaticInit(java.lang.Object, java.lang.Object, java.lang.Object, java.lang.Object, java.lang.Object)'> (0x000000070433fb40) 
thrown [src/hotspot/share/interpreter/linkResolver.cpp, line 773]
Event: 5.381 Thread 0x0000000be6578700 Exception <a 'java/lang/NoSuchMethodError'{0x00000007043434f0}: 'java.lang.Object java.lang.invoke.Invokers$Holder.invoke_MT(java.lang.Object, java.lang.Object, java.lang.Object, java.lang.Object, java.lang.Object, java.lang.Object)'> (0x00000007043434f0) 
thrown [src/hotspot/share/interpreter/linkResolver.cpp, line 773]
Event: 5.382 Thread 0x0000000be6578700 Exception <a 'java/lang/NoSuchMethodError'{0x00000007041c5080}: 'int java.lang.invoke.DirectMethodHandle$Holder.invokeStaticInit(java.lang.Object, java.lang.Object, java.lang.Object, java.lang.Object, java.lang.Object)'> (0x00000007041c5080) 
thrown [src/hotspot/share/interpreter/linkResolver.cpp, line 773]
Event: 5.382 Thread 0x0000000be6578700 Exception <a 'java/lang/NoSuchMethodError'{0x00000007041c88b8}: 'int java.lang.invoke.DirectMethodHandle$Holder.invokeStaticInit(java.lang.Object, int)'> (0x00000007041c88b8) 
thrown [src/hotspot/share/interpreter/linkResolver.cpp, line 773]
Event: 5.382 Thread 0x0000000be6578700 Exception <a 'java/lang/NoSuchMethodError'{0x00000007041cc628}: 'int java.lang.invoke.DirectMethodHandle$Holder.invokeStatic(java.lang.Object, java.lang.Object, java.lang.Object, java.lang.Object, java.lang.Object, java.lang.Object)'> (0x00000007041cc628) 
thrown [src/hotspot/share/interpreter/linkResolver.cpp, line 773]
Event: 5.382 Thread 0x0000000be6578700 Exception <a 'java/lang/NoSuchMethodError'{0x00000007041cfdf8}: 'int java.lang.invoke.DirectMethodHandle$Holder.invokeStaticInit(java.lang.Object, java.lang.Object, java.lang.Object, java.lang.Object, java.lang.Object, java.lang.Object)'> (0x00000007041cfdf8) 
thrown [src/hotspot/share/interpreter/linkResolver.cpp, line 773]
Event: 5.383 Thread 0x0000000be6578700 Exception <a 'java/lang/NoSuchMethodError'{0x0000000703e0cbc8}: 'int java.lang.invoke.Invokers$Holder.linkToTargetMethod(java.lang.Object, int, java.lang.Object)'> (0x0000000703e0cbc8) 
thrown [src/hotspot/share/interpreter/linkResolver.cpp, line 773]
Event: 9.345 Thread 0x0000000be6326300 Exception <a 'java/lang/NoSuchMethodError'{0x0000000703fc6820}: 'java.lang.Object java.lang.invoke.DirectMethodHandle$Holder.newInvokeSpecial(java.lang.Object, java.lang.Object, java.lang.Object, java.lang.Object, java.lang.Object, java.lang.Object, java.lang.Object, java.lang.Object, java.lang.Object)'> (0x0000000703fc6820) 
thrown [src/hotspot/share/interpreter/linkResolver.cpp, line 773]
Event: 9.359 Thread 0x0000000be6326300 Exception <a 'java/lang/NoSuchMethodError'{0x0000000703d072e0}: 'java.lang.Object java.lang.invoke.DirectMethodHandle$Holder.invokeSpecialIFC(java.lang.Object, java.lang.Object, java.lang.Object)'> (0x0000000703d072e0) 
thrown [src/hotspot/share/interpreter/linkResolver.cpp, line 773]
Event: 9.362 Thread 0x0000000be6326300 Exception <a 'java/lang/NoSuchMethodError'{0x0000000703d506a8}: 'java.lang.Object java.lang.invoke.DirectMethodHandle$Holder.invokeSpecialIFC(java.lang.Object, java.lang.Object, java.lang.Object, int)'> (0x0000000703d506a8) 
thrown [src/hotspot/share/interpreter/linkResolver.cpp, line 773]
Event: 9.740 Thread 0x0000000be6326300 Exception <a 'java/lang/NoSuchMethodError'{0x0000000703b63228}: 'java.lang.Object java.lang.invoke.DirectMethodHandle$Holder.invokeSpecial(java.lang.Object, java.lang.Object, java.lang.Object, java.lang.Object, java.lang.Object, java.lang.Object, java.lang.Object, java.lang.Object, java.lang.Object, java.lang.Object, java.lang.Object, java.lang.Object, java.lang.Object, java.lang.Object, java.lang.Object, java.lang.Object, java.lang.Object, java.lang.Object, java.lang.Object, java.lang.Object)'> (0x0000000
Event: 9.740 Thread 0x0000000be6326300 Exception <a 'java/lang/NoSuchMethodError'{0x0000000703b67a30}: 'java.lang.Object java.lang.invoke.Invokers$Holder.linkToTargetMethod(java.lang.Object, java.lang.Object, java.lang.Object, java.lang.Object, java.lang.Object, java.lang.Object, java.lang.Object, java.lang.Object, java.lang.Object, java.lang.Object, java.lang.Object, java.lang.Object, java.lang.Object, java.lang.Object, java.lang.Object, java.lang.Object, java.lang.Object, java.lang.Object, java.lang.Object)'> (0x0000000703b67a30) 
thrown [src

ZGC Phase Switch (0 events):
No events

VM Operations (20 events):
Event: 209.662 Executing safepoint VM operation: virtual thread get/set locals
Event: 209.662 Executing safepoint VM operation: virtual thread get/set locals done
Event: 209.662 Executing safepoint VM operation: virtual thread get/set locals
Event: 209.662 Executing safepoint VM operation: virtual thread get/set locals done
Event: 209.662 Executing safepoint VM operation: virtual thread get/set locals
Event: 209.662 Executing safepoint VM operation: virtual thread get/set locals done
Event: 209.694 Executing safepoint VM operation: virtual thread get/set locals
Event: 209.694 Executing safepoint VM operation: virtual thread get/set locals done
Event: 209.696 Executing safepoint VM operation: virtual thread get/set locals
Event: 209.696 Executing safepoint VM operation: virtual thread get/set locals done
Event: 209.696 Executing safepoint VM operation: virtual thread get/set locals
Event: 209.696 Executing safepoint VM operation: virtual thread get/set locals done
Event: 209.696 Executing safepoint VM operation: virtual thread get/set locals
Event: 209.696 Executing safepoint VM operation: virtual thread get/set locals done
Event: 209.696 Executing safepoint VM operation: virtual thread get/set locals
Event: 209.696 Executing safepoint VM operation: virtual thread get/set locals done
Event: 209.696 Executing safepoint VM operation: virtual thread get/set locals
Event: 209.696 Executing safepoint VM operation: virtual thread get/set locals done
Event: 209.696 Executing safepoint VM operation: virtual thread get/set locals
Event: 209.696 Executing safepoint VM operation: virtual thread get/set locals done

Memory protections (20 events):
Event: 4.651 Protecting memory [0x000000017725c000,0x0000000177268000] with protection modes 0
Event: 5.178 Protecting memory [0x0000000177468000,0x0000000177474000] with protection modes 0
Event: 5.180 Protecting memory [0x0000000177468000,0x0000000177474000] with protection modes 3
Event: 9.336 Protecting memory [0x0000000177468000,0x0000000177474000] with protection modes 0
Event: 22.560 Protecting memory [0x000000017207c000,0x0000000172088000] with protection modes 3
Event: 26.872 Protecting memory [0x000000017207c000,0x0000000172088000] with protection modes 0
Event: 42.432 Protecting memory [0x000000017207c000,0x0000000172088000] with protection modes 3
Event: 42.436 Protecting memory [0x000000017207c000,0x0000000172088000] with protection modes 0
Event: 56.880 Protecting memory [0x000000017207c000,0x0000000172088000] with protection modes 3
Event: 56.881 Protecting memory [0x000000017207c000,0x0000000172088000] with protection modes 0
Event: 68.750 Protecting memory [0x000000017725c000,0x0000000177268000] with protection modes 3
Event: 68.750 Protecting memory [0x0000000177674000,0x0000000177680000] with protection modes 0
Event: 68.751 Protecting memory [0x000000017207c000,0x0000000172088000] with protection modes 3
Event: 68.751 Protecting memory [0x0000000176c38000,0x0000000176c44000] with protection modes 3
Event: 68.751 Protecting memory [0x000000017519c000,0x00000001751a8000] with protection modes 3
Event: 76.618 Protecting memory [0x0000000177050000,0x000000017705c000] with protection modes 3
Event: 76.618 Protecting memory [0x0000000177468000,0x0000000177474000] with protection modes 3
Event: 76.618 Protecting memory [0x000000017207c000,0x0000000172088000] with protection modes 0
Event: 76.618 Protecting memory [0x0000000177674000,0x0000000177680000] with protection modes 3
Event: 210.389 Protecting memory [0x0000000171434000,0x0000000171440000] with protection modes 3

Nmethod flushes (20 events):
Event: 2.140 Thread 0x0000000be0845800 flushing  nmethod 0x0000000112943d10
Event: 2.140 Thread 0x0000000be0845800 flushing  nmethod 0x0000000112c7aa10
Event: 2.140 Thread 0x0000000be0845800 flushing  nmethod 0x0000000112ce9810
Event: 2.140 Thread 0x0000000be0845800 flushing  nmethod 0x0000000112d9cb90
Event: 2.140 Thread 0x0000000be0845800 flushing  nmethod 0x0000000112e34990
Event: 2.140 Thread 0x0000000be0845800 flushing  nmethod 0x0000000112e3b110
Event: 2.140 Thread 0x0000000be0845800 flushing  nmethod 0x00000001129b8210
Event: 2.140 Thread 0x0000000be0845800 flushing  nmethod 0x00000001129be490
Event: 2.140 Thread 0x0000000be0845800 flushing  nmethod 0x0000000112d13a90
Event: 2.140 Thread 0x0000000be0845800 flushing  nmethod 0x0000000112d14110
Event: 2.140 Thread 0x0000000be0845800 flushing  nmethod 0x0000000112d14510
Event: 2.140 Thread 0x0000000be0845800 flushing  nmethod 0x0000000112d14a10
Event: 2.140 Thread 0x0000000be0845800 flushing  nmethod 0x0000000112d16990
Event: 2.140 Thread 0x0000000be0845800 flushing  nmethod 0x0000000112dfda90
Event: 2.140 Thread 0x0000000be0845800 flushing  nmethod 0x0000000112dff710
Event: 2.140 Thread 0x0000000be0845800 flushing  nmethod 0x0000000112962c10
Event: 2.140 Thread 0x0000000be0845800 flushing  nmethod 0x0000000112bebb10
Event: 2.140 Thread 0x0000000be0845800 flushing  nmethod 0x0000000112bf2b10
Event: 2.140 Thread 0x0000000be0845800 flushing  nmethod 0x0000000112bf6e10
Event: 2.140 Thread 0x0000000be0845800 flushing  nmethod 0x0000000112c6f190

Events (20 events):
Event: 4.650 Thread 0x0000000be6473100 Thread added: 0x0000000be6578e00
Event: 5.178 Thread 0x0000000be6578700 Thread added: 0x0000000be66f4700
Event: 5.180 Thread 0x0000000be66f4700 Thread exited: 0x0000000be66f4700
Event: 9.336 Thread 0x0000000be6578700 Thread added: 0x0000000be66f4700
Event: 22.560 Thread 0x0000000be53e0700 Thread exited: 0x0000000be53e0700
Event: 26.872 Thread 0x0000000be6325500 Thread added: 0x0000000be53e0700
Event: 42.432 Thread 0x0000000be53e0700 Thread exited: 0x0000000be53e0700
Event: 42.435 Thread 0x0000000be6325c00 Thread added: 0x0000000be67c4e00
Event: 56.880 Thread 0x0000000be67c4e00 Thread exited: 0x0000000be67c4e00
Event: 56.881 Thread 0x0000000be6326300 Thread added: 0x0000000be67c4e00
Event: 68.750 Thread 0x0000000be62fea00 Thread added: 0x0000000be67c5c00
Event: 68.750 Thread 0x0000000be6578e00 Thread exited: 0x0000000be6578e00
Event: 68.751 Thread 0x0000000be67c4e00 Thread exited: 0x0000000be67c4e00
Event: 68.751 Thread 0x0000000be655dc00 Thread exited: 0x0000000be655dc00
Event: 68.751 Thread 0x0000000be62fdc00 Thread exited: 0x0000000be62fdc00
Event: 76.618 Thread 0x0000000be6327800 Thread added: 0x0000000be67c6300
Event: 76.618 Thread 0x0000000be66f4700 Thread exited: 0x0000000be66f4700
Event: 76.618 Thread 0x0000000be6578700 Thread exited: 0x0000000be6578700
Event: 76.618 Thread 0x0000000be67c5c00 Thread exited: 0x0000000be67c5c00
Event: 210.389 Thread 0x0000000be4d54e00 Thread exited: 0x0000000be4d54e00


Dynamic libraries:
0x0000000102f3c000 	/Library/Java/JavaVirtualMachines/zulu-21.jdk/Contents/Home/lib/libjli.dylib
0x00000001a8321000 	/System/Library/Frameworks/Cocoa.framework/Versions/A/Cocoa
0x000000018d007000 	/System/Library/Frameworks/AppKit.framework/Versions/C/AppKit
0x0000000190646000 	/System/Library/Frameworks/CoreData.framework/Versions/A/CoreData
0x000000018a402000 	/System/Library/Frameworks/Foundation.framework/Versions/C/Foundation
0x00000001989a4000 	/usr/lib/libSystem.B.dylib
0x000000018e72a000 	/System/Library/PrivateFrameworks/UIFoundation.framework/Versions/A/UIFoundation
0x00000002413ba000 	/System/Library/PrivateFrameworks/CollectionViewCore.framework/Versions/A/CollectionViewCore
0x0000000195c4b000 	/System/Library/PrivateFrameworks/XCTTargetBootstrap.framework/Versions/A/XCTTargetBootstrap
0x0000000253c12000 	/System/Library/PrivateFrameworks/GenerativeModels.framework/Versions/A/GenerativeModels
0x000000019b338000 	/System/Library/PrivateFrameworks/InternationalSupport.framework/Versions/A/InternationalSupport
0x000000019b694000 	/System/Library/PrivateFrameworks/UserActivity.framework/Versions/A/UserActivity
0x0000000190cdb000 	/System/Library/PrivateFrameworks/BaseBoard.framework/Versions/A/BaseBoard
0x000000024ae28000 	/System/Library/PrivateFrameworks/FrontBoard.framework/Versions/A/FrontBoard
0x00000001a3064000 	/System/Library/PrivateFrameworks/FrontBoardServices.framework/Versions/A/FrontBoardServices
0x000000028bbdb000 	/usr/lib/libRosetta.dylib
0x000000027eefe000 	/System/Library/PrivateFrameworks/UIIntelligenceSupport.framework/Versions/A/UIIntelligenceSupport
0x000000023574f000 	/System/Library/Frameworks/SwiftUICore.framework/Versions/A/SwiftUICore
0x0000000285a93000 	/System/Library/PrivateFrameworks/WritingTools.framework/Versions/A/WritingTools
0x000000028488e000 	/System/Library/PrivateFrameworks/WindowManagement.framework/Versions/A/WindowManagement
0x000000018a071000 	/System/Library/Frameworks/SystemConfiguration.framework/Versions/A/SystemConfiguration
0x000000019a5a3000 	/usr/lib/libspindump.dylib
0x000000018e8e3000 	/System/Library/Frameworks/UniformTypeIdentifiers.framework/Versions/A/UniformTypeIdentifiers
0x0000000197bfb000 	/usr/lib/libbsm.0.dylib
0x00000001933dd000 	/usr/lib/libapp_launch_measurement.dylib
0x00000001926e6000 	/System/Library/PrivateFrameworks/CoreAnalytics.framework/Versions/A/CoreAnalytics
0x00000001933e1000 	/System/Library/PrivateFrameworks/CoreAutoLayout.framework/Versions/A/CoreAutoLayout
0x00000001951c4000 	/System/Library/Frameworks/Metal.framework/Versions/A/Metal
0x0000000196587000 	/usr/lib/liblangid.dylib
0x0000000195c51000 	/System/Library/PrivateFrameworks/CoreSVG.framework/Versions/A/CoreSVG
0x000000018f33d000 	/System/Library/PrivateFrameworks/SkyLight.framework/Versions/A/SkyLight
0x000000024ab5d000 	/System/Library/PrivateFrameworks/FocusEngine.framework/Versions/A/FocusEngine
0x000000018f8f4000 	/System/Library/Frameworks/CoreGraphics.framework/Versions/A/CoreGraphics
0x0000000248569000 	/System/Library/PrivateFrameworks/DesignLibrary.framework/Versions/A/DesignLibrary
0x00000001a12f0000 	/System/Library/Frameworks/Accelerate.framework/Versions/A/Accelerate
0x000000019a399000 	/System/Library/PrivateFrameworks/IconServices.framework/Versions/A/IconServices
0x000000019519c000 	/System/Library/Frameworks/IOSurface.framework/Versions/A/IOSurface
0x0000000192716000 	/usr/lib/libDiagnosticMessagesClient.dylib
0x00000001988ee000 	/usr/lib/libz.1.dylib
0x00000001a573e000 	/System/Library/Frameworks/ApplicationServices.framework/Versions/A/ApplicationServices
0x0000000195c36000 	/System/Library/PrivateFrameworks/DFRFoundation.framework/Versions/A/DFRFoundation
0x000000018c856000 	/usr/lib/libicucore.A.dylib
0x000000019c8bf000 	/System/Library/Frameworks/AudioToolbox.framework/Versions/A/AudioToolbox
0x000000019b642000 	/System/Library/PrivateFrameworks/DataDetectorsCore.framework/Versions/A/DataDetectorsCore
0x000000027fe47000 	/System/Library/PrivateFrameworks/UpdateCycle.framework/Versions/A/UpdateCycle
0x00000001b9c42000 	/System/Library/PrivateFrameworks/TextInput.framework/Versions/A/TextInput
0x000000018f281000 	/usr/lib/libMobileGestalt.dylib
0x000000019593a000 	/System/Library/Frameworks/Carbon.framework/Versions/A/Frameworks/HIToolbox.framework/Versions/A/HIToolbox
0x0000000192c40000 	/System/Library/Frameworks/QuartzCore.framework/Versions/A/QuartzCore
0x000000018c437000 	/System/Library/Frameworks/Security.framework/Versions/A/Security
0x00000001a0c5f000 	/System/Library/Frameworks/Carbon.framework/Versions/A/Frameworks/SpeechRecognition.framework/Versions/A/SpeechRecognition
0x00000001930a8000 	/System/Library/PrivateFrameworks/CoreUI.framework/Versions/A/CoreUI
0x000000018bca1000 	/System/Library/Frameworks/CoreAudio.framework/Versions/A/CoreAudio
0x0000000192811000 	/System/Library/Frameworks/DiskArbitration.framework/Versions/A/DiskArbitration
0x000000019ab41000 	/System/Library/PrivateFrameworks/MultitouchSupport.framework/Versions/A/MultitouchSupport
0x000000018f27f000 	/usr/lib/libenergytrace.dylib
0x00000001acfb1000 	/System/Library/PrivateFrameworks/RenderBox.framework/Versions/A/RenderBox
0x000000018ceae000 	/System/Library/Frameworks/IOKit.framework/Versions/A/IOKit
0x00000001a1071000 	/System/Library/Frameworks/CoreServices.framework/Versions/A/CoreServices
0x0000000193364000 	/System/Library/PrivateFrameworks/PerformanceAnalysis.framework/Versions/A/PerformanceAnalysis
0x000000022e03c000 	/System/Library/Frameworks/OpenGL.framework/Versions/A/OpenGL
0x000000019342a000 	/usr/lib/libxml2.2.dylib
0x0000000197adc000 	/System/Library/PrivateFrameworks/MobileKeyBag.framework/Versions/A/MobileKeyBag
0x00000001886f0000 	/usr/lib/libobjc.A.dylib
0x0000000188a65000 	/usr/lib/libc++.1.dylib
0x00000001a0fef000 	/System/Library/Frameworks/Accessibility.framework/Versions/A/Accessibility
0x000000019004a000 	/System/Library/Frameworks/ColorSync.framework/Versions/A/ColorSync
0x0000000188b95000 	/System/Library/Frameworks/CoreFoundation.framework/Versions/A/CoreFoundation
0x0000000195fcf000 	/System/Library/Frameworks/CoreImage.framework/Versions/A/CoreImage
0x000000018ba78000 	/System/Library/Frameworks/CoreText.framework/Versions/A/CoreText
0x000000022fa3c000 	/System/Library/Frameworks/CoreTransferable.framework/Versions/A/CoreTransferable
0x000000022ff57000 	/System/Library/Frameworks/DataDetection.framework/Versions/A/DataDetection
0x000000022ff6e000 	/System/Library/Frameworks/DeveloperToolsSupport.framework/Versions/A/DeveloperToolsSupport
0x0000000195c8f000 	/System/Library/Frameworks/ImageIO.framework/Versions/A/ImageIO
0x00000002366ac000 	/System/Library/Frameworks/Symbols.framework/Versions/A/Symbols
0x00000001befbd000 	/System/Library/PrivateFrameworks/AttributeGraph.framework/Versions/A/AttributeGraph
0x00000001a313e000 	/System/Library/PrivateFrameworks/BoardServices.framework/Versions/A/BoardServices
0x00000001e41b4000 	/System/Library/PrivateFrameworks/FeatureFlags.framework/Versions/A/FeatureFlags
0x00000002540bd000 	/System/Library/PrivateFrameworks/Gestures.framework/Versions/A/Gestures
0x00000001989a8000 	/System/Library/PrivateFrameworks/SoftLinking.framework/Versions/A/SoftLinking
0x00000001cdc9a000 	/usr/lib/swift/libswiftAccelerate.dylib
0x00000001c3e11000 	/usr/lib/swift/libswiftCompression.dylib
0x000000019c214000 	/usr/lib/swift/libswiftCore.dylib
0x00000001b5e62000 	/usr/lib/swift/libswiftCoreFoundation.dylib
0x00000001b5ec2000 	/usr/lib/swift/libswiftCoreImage.dylib
0x00000001a2ddd000 	/usr/lib/swift/libswiftDispatch.dylib
0x00000001b5ec3000 	/usr/lib/swift/libswiftIOKit.dylib
0x00000001c3e03000 	/usr/lib/swift/libswiftMetal.dylib
0x00000001d35c8000 	/usr/lib/swift/libswiftOSLog.dylib
0x00000001a5db5000 	/usr/lib/swift/libswiftObjectiveC.dylib
0x000000028d354000 	/usr/lib/swift/libswiftObservation.dylib
0x00000001c91f7000 	/usr/lib/swift/libswiftQuartzCore.dylib
0x000000028d416000 	/usr/lib/swift/libswiftSpatial.dylib
0x000000028d490000 	/usr/lib/swift/libswiftSynchronization.dylib
0x00000001cdc8a000 	/usr/lib/swift/libswiftUniformTypeIdentifiers.dylib
0x00000001b5e75000 	/usr/lib/swift/libswiftXPC.dylib
0x000000028d4d6000 	/usr/lib/swift/libswift_Builtin_float.dylib
0x000000028d4d7000 	/usr/lib/swift/libswift_Concurrency.dylib
0x00000001a5db9000 	/usr/lib/swift/libswiftos.dylib
0x00000001b99b4000 	/usr/lib/swift/libswiftsimd.dylib
0x0000000198bcc000 	/usr/lib/libcompression.dylib
0x000000019b2a1000 	/System/Library/PrivateFrameworks/TextureIO.framework/Versions/A/TextureIO
0x00000001901f2000 	/System/Library/Frameworks/ApplicationServices.framework/Versions/A/Frameworks/HIServices.framework/Versions/A/HIServices
0x000000019a023000 	/usr/lib/libate.dylib
0x000000019899e000 	/usr/lib/system/libcache.dylib
0x0000000198959000 	/usr/lib/system/libcommonCrypto.dylib
0x0000000198984000 	/usr/lib/system/libcompiler_rt.dylib
0x0000000198979000 	/usr/lib/system/libcopyfile.dylib
0x0000000188899000 	/usr/lib/system/libcorecrypto.dylib
0x0000000188999000 	/usr/lib/system/libdispatch.dylib
0x0000000188743000 	/usr/lib/system/libdyld.dylib
0x0000000198994000 	/usr/lib/system/libkeymgr.dylib
0x000000019893c000 	/usr/lib/system/libmacho.dylib
0x0000000197bd3000 	/usr/lib/system/libquarantine.dylib
0x0000000198991000 	/usr/lib/system/libremovefile.dylib
0x000000018f301000 	/usr/lib/system/libsystem_asl.dylib
0x000000018881f000 	/usr/lib/system/libsystem_blocks.dylib
0x00000001889e4000 	/usr/lib/system/libsystem_c.dylib
0x0000000198988000 	/usr/lib/system/libsystem_collections.dylib
0x0000000196574000 	/usr/lib/system/libsystem_configuration.dylib
0x0000000195163000 	/usr/lib/system/libsystem_containermanager.dylib
0x0000000198372000 	/usr/lib/system/libsystem_coreservices.dylib
0x000000018cb2c000 	/usr/lib/system/libsystem_darwin.dylib
0x000000028d7f8000 	/usr/lib/system/libsystem_darwindirectory.dylib
0x0000000198995000 	/usr/lib/system/libsystem_dnssd.dylib
0x000000028d7fc000 	/usr/lib/system/libsystem_eligibility.dylib
0x00000001889e1000 	/usr/lib/system/libsystem_featureflags.dylib
0x0000000188b65000 	/usr/lib/system/libsystem_info.dylib
0x00000001988fd000 	/usr/lib/system/libsystem_m.dylib
0x0000000188948000 	/usr/lib/system/libsystem_malloc.dylib
0x000000018f264000 	/usr/lib/system/libsystem_networkextension.dylib
0x000000018cf97000 	/usr/lib/system/libsystem_notify.dylib
0x0000000196579000 	/usr/lib/system/libsystem_sandbox.dylib
0x000000028d806000 	/usr/lib/system/libsystem_sanitizers.dylib
0x000000019898d000 	/usr/lib/system/libsystem_secinit.dylib
0x0000000188b11000 	/usr/lib/system/libsystem_kernel.dylib
0x0000000188b5c000 	/usr/lib/system/libsystem_platform.dylib
0x0000000188b4f000 	/usr/lib/system/libsystem_pthread.dylib
0x0000000190ebf000 	/usr/lib/system/libsystem_symptoms.dylib
0x0000000188878000 	/usr/lib/system/libsystem_trace.dylib
0x000000028d80e000 	/usr/lib/system/libsystem_trial.dylib
0x0000000198967000 	/usr/lib/system/libunwind.dylib
0x0000000188823000 	/usr/lib/system/libxpc.dylib
0x0000000188af6000 	/usr/lib/libc++abi.dylib
0x000000028d061000 	/usr/lib/libswiftPrespecialized.dylib
0x00000001989a6000 	/usr/lib/libfakelink.dylib
0x000000018eeae000 	/System/Library/Frameworks/CFNetwork.framework/Versions/A/CFNetwork
0x00000001989f9000 	/usr/lib/libarchive.2.dylib
0x000000019ed0b000 	/System/Library/Frameworks/Combine.framework/Versions/A/Combine
0x00000002413df000 	/System/Library/PrivateFrameworks/CollectionsInternal.framework/Versions/A/CollectionsInternal
0x000000026d2de000 	/System/Library/PrivateFrameworks/ReflectionInternal.framework/Versions/A/ReflectionInternal
0x000000026e231000 	/System/Library/PrivateFrameworks/RuntimeInternal.framework/Versions/A/RuntimeInternal
0x00000001b2cfa000 	/usr/lib/swift/libswiftDarwin.dylib
0x000000028d4a4000 	/usr/lib/swift/libswiftSystem.dylib
0x000000028d563000 	/usr/lib/swift/libswift_DarwinFoundation1.dylib
0x000000028d607000 	/usr/lib/swift/libswift_StringProcessing.dylib
0x000000018ce2e000 	/System/Library/PrivateFrameworks/CoreServicesInternal.framework/Versions/A/CoreServicesInternal
0x0000000198971000 	/usr/lib/liboah.dylib
0x00000001a51e9000 	/System/Library/PrivateFrameworks/DiskImages.framework/Versions/A/DiskImages
0x00000001b279f000 	/System/Library/Frameworks/NetFS.framework/Versions/A/NetFS
0x00000001933a6000 	/System/Library/Frameworks/CoreServices.framework/Versions/A/Frameworks/FSEvents.framework/Versions/A/FSEvents
0x000000018cb36000 	/System/Library/Frameworks/CoreServices.framework/Versions/A/Frameworks/CarbonCore.framework/Versions/A/CarbonCore
0x0000000192785000 	/System/Library/Frameworks/CoreServices.framework/Versions/A/Frameworks/Metadata.framework/Versions/A/Metadata
0x0000000198379000 	/System/Library/Frameworks/CoreServices.framework/Versions/A/Frameworks/OSServices.framework/Versions/A/OSServices
0x0000000198af1000 	/System/Library/Frameworks/CoreServices.framework/Versions/A/Frameworks/SearchKit.framework/Versions/A/SearchKit
0x0000000190e39000 	/System/Library/Frameworks/CoreServices.framework/Versions/A/Frameworks/AE.framework/Versions/A/AE
0x00000001890f4000 	/System/Library/Frameworks/CoreServices.framework/Versions/A/Frameworks/LaunchServices.framework/Versions/A/LaunchServices
0x0000000199e77000 	/System/Library/Frameworks/CoreServices.framework/Versions/A/Frameworks/DictionaryServices.framework/Versions/A/DictionaryServices
0x00000001933b3000 	/System/Library/Frameworks/CoreServices.framework/Versions/A/Frameworks/SharedFileList.framework/Versions/A/SharedFileList
0x0000000198b84000 	/usr/lib/libapple_nghttp2.dylib
0x0000000190a50000 	/usr/lib/libsqlite3.dylib
0x0000000190c39000 	/System/Library/Frameworks/Accounts.framework/Versions/A/Accounts
0x00000001a542b000 	/System/Library/PrivateFrameworks/AppSupport.framework/Versions/A/AppSupport
0x00000001b4c26000 	/System/Library/Frameworks/AVFoundation.framework/Versions/A/AVFoundation
0x000000019cf46000 	/System/Library/Frameworks/GSS.framework/Versions/A/GSS
0x0000000190dcd000 	/System/Library/PrivateFrameworks/RunningBoardServices.framework/Versions/A/RunningBoardServices
0x00000001a5d3d000 	/System/Library/PrivateFrameworks/StreamingZip.framework/Versions/A/StreamingZip
0x0000000190ec8000 	/System/Library/Frameworks/Network.framework/Versions/A/Network
0x0000000198940000 	/usr/lib/system/libkxld.dylib
0x000000023c9bf000 	/System/Library/PrivateFrameworks/AppleKeyStore.framework/Versions/A/AppleKeyStore
0x000000028b8dd000 	/usr/lib/libCoreEntitlements.dylib
0x00000002619c1000 	/System/Library/PrivateFrameworks/MessageSecurity.framework/Versions/A/MessageSecurity
0x0000000190a34000 	/System/Library/PrivateFrameworks/ProtocolBuffer.framework/Versions/A/ProtocolBuffer
0x00000001a21ec000 	/System/Library/PrivateFrameworks/SymptomDiagnosticReporter.framework/Versions/A/SymptomDiagnosticReporter
0x000000019a0bc000 	/System/Library/PrivateFrameworks/CrashReporterSupport.framework/Versions/A/CrashReporterSupport
0x0000000198359000 	/System/Library/PrivateFrameworks/AppleFSCompression.framework/Versions/A/AppleFSCompression
0x0000000197be3000 	/usr/lib/libcoretls.dylib
0x0000000199eed000 	/usr/lib/libcoretls_cfhelpers.dylib
0x0000000198bc6000 	/usr/lib/libpam.2.dylib
0x0000000199f63000 	/usr/lib/libxar.1.dylib
0x0000000199eef000 	/System/Library/PrivateFrameworks/APFS.framework/Versions/A/APFS
0x000000027995e000 	/System/Library/PrivateFrameworks/SwiftASN1Internal.framework/Versions/A/SwiftASN1Internal
0x0000000199f72000 	/usr/lib/libutil.dylib
0x0000000196582000 	/System/Library/PrivateFrameworks/AppleSystemInfo.framework/Versions/A/AppleSystemInfo
0x00000001978aa000 	/System/Library/PrivateFrameworks/IOMobileFramebuffer.framework/Versions/A/IOMobileFramebuffer
0x00000001a4b49000 	/System/Library/PrivateFrameworks/CoreWiFi.framework/Versions/A/CoreWiFi
0x00000001b5d24000 	/System/Library/PrivateFrameworks/LoggingSupport.framework/Versions/A/LoggingSupport
0x000000019cfa9000 	/System/Library/PrivateFrameworks/MobileAsset.framework/Versions/A/MobileAsset
0x00000001a21fc000 	/System/Library/PrivateFrameworks/PowerLog.framework/Versions/A/PowerLog
0x00000001a36be000 	/System/Library/PrivateFrameworks/Rapport.framework/Versions/A/Rapport
0x00000002355e2000 	/System/Library/Frameworks/SwiftData.framework/Versions/A/SwiftData
0x00000001935d3000 	/System/Library/PrivateFrameworks/UserManagement.framework/Versions/A/UserManagement
0x000000018edd5000 	/usr/lib/libboringssl.dylib
0x0000000190ead000 	/usr/lib/libdns_services.dylib
0x00000001b4d5a000 	/usr/lib/libquic.dylib
0x000000019c1a5000 	/usr/lib/libusrtcp.dylib
0x000000023d878000 	/System/Library/PrivateFrameworks/AtomicsInternal.framework/Versions/A/AtomicsInternal
0x00000001dbfeb000 	/System/Library/PrivateFrameworks/InternalSwiftProtobuf.framework/Versions/A/InternalSwiftProtobuf
0x000000028d32b000 	/usr/lib/swift/libswiftDistributed.dylib
0x0000000196580000 	/System/Library/PrivateFrameworks/AggregateDictionary.framework/Versions/A/AggregateDictionary
0x000000023e0a6000 	/System/Library/PrivateFrameworks/BiomeLibrary.framework/Versions/A/BiomeLibrary
0x00000001c4e6e000 	/System/Library/PrivateFrameworks/BiomeStreams.framework/Versions/A/BiomeStreams
0x00000001c0ed4000 	/System/Library/PrivateFrameworks/BiomeFoundation.framework/Versions/A/BiomeFoundation
0x00000001cb0f0000 	/System/Library/PrivateFrameworks/BiomePubSub.framework/Versions/A/BiomePubSub
0x00000001a6d20000 	/System/Library/PrivateFrameworks/ProactiveSupport.framework/Versions/A/ProactiveSupport
0x000000023763d000 	/System/Library/Frameworks/_LocationEssentials.framework/Versions/A/_LocationEssentials
0x0000000199ece000 	/usr/lib/liblzma.5.dylib
0x00000001a573f000 	/System/Library/PrivateFrameworks/InternationalTextSearch.framework/Versions/A/InternationalTextSearch
0x00000001bd3b0000 	/System/Library/PrivateFrameworks/SoftwareUpdateCoreSupport.framework/Versions/A/SoftwareUpdateCoreSupport
0x00000001c590c000 	/System/Library/PrivateFrameworks/SoftwareUpdateCoreConnect.framework/Versions/A/SoftwareUpdateCoreConnect
0x00000001a52e3000 	/System/Library/PrivateFrameworks/RemoteServiceDiscovery.framework/Versions/A/RemoteServiceDiscovery
0x00000001bcf88000 	/System/Library/PrivateFrameworks/MSUDataAccessor.framework/Versions/A/MSUDataAccessor
0x00000001b7ef0000 	/usr/lib/libbootpolicy.dylib
0x00000001a52fa000 	/System/Library/PrivateFrameworks/RemoteXPC.framework/Versions/A/RemoteXPC
0x00000001c4d42000 	/usr/lib/libFDR.dylib
0x00000001cacf2000 	/usr/lib/libamsupport.dylib
0x000000028bbd3000 	/usr/lib/libReverseProxyDevice.dylib
0x000000023c22f000 	/System/Library/PrivateFrameworks/AppleDeviceQuerySupport.framework/Versions/A/AppleDeviceQuerySupport
0x00000001cdeb4000 	/usr/lib/libpartition2_dynamic.dylib
0x0000000198b60000 	/System/Library/PrivateFrameworks/AppleSauce.framework/Versions/A/AppleSauce
0x000000028b788000 	/usr/lib/libAppleArchive.dylib
0x0000000198365000 	/usr/lib/libbz2.1.0.dylib
0x000000019281b000 	/System/Library/Frameworks/Accelerate.framework/Versions/A/Frameworks/vImage.framework/Versions/A/vImage
0x00000001a104c000 	/System/Library/Frameworks/Accelerate.framework/Versions/A/Frameworks/vecLib.framework/Versions/A/vecLib
0x0000000199fa9000 	/System/Library/Frameworks/Accelerate.framework/Versions/A/Frameworks/vecLib.framework/Versions/A/libvMisc.dylib
0x00000001895f8000 	/System/Library/Frameworks/Accelerate.framework/Versions/A/Frameworks/vecLib.framework/Versions/A/libBLAS.dylib
0x0000000193511000 	/System/Library/Frameworks/CoreVideo.framework/Versions/A/CoreVideo
0x000000019cb5d000 	/System/Library/Frameworks/ApplicationServices.framework/Versions/A/Frameworks/ATS.framework/Versions/A/ATS
0x000000019b22e000 	/System/Library/Frameworks/ApplicationServices.framework/Versions/A/Frameworks/PrintCore.framework/Versions/A/PrintCore
0x000000019cf0f000 	/System/Library/Frameworks/ApplicationServices.framework/Versions/A/Frameworks/QD.framework/Versions/A/QD
0x000000019cf0a000 	/System/Library/Frameworks/ApplicationServices.framework/Versions/A/Frameworks/ColorSyncLegacy.framework/Versions/A/ColorSyncLegacy
0x000000019cb2f000 	/System/Library/Frameworks/ApplicationServices.framework/Versions/A/Frameworks/SpeechSynthesis.framework/Versions/A/SpeechSynthesis
0x000000019566a000 	/System/Library/PrivateFrameworks/FontServices.framework/libFontParser.dylib
0x00000001a500b000 	/System/Library/PrivateFrameworks/BackBoardServices.framework/Versions/A/BackBoardServices
0x000000023dfab000 	/System/Library/PrivateFrameworks/BackBoardHIDEventFoundation.framework/Versions/A/BackBoardHIDEventFoundation
0x000000018b594000 	/System/Library/Frameworks/CoreDisplay.framework/Versions/A/CoreDisplay
0x000000019ab87000 	/System/Library/Frameworks/VideoToolbox.framework/Versions/A/VideoToolbox
0x0000000198bc4000 	/System/Library/Frameworks/MetalPerformanceShaders.framework/Versions/A/MetalPerformanceShaders
0x000000026c1e8000 	/System/Library/PrivateFrameworks/ProDisplayLibrary.framework/Versions/A/ProDisplayLibrary
0x00000001a8e3c000 	/System/Library/PrivateFrameworks/IOSurfaceAccelerator.framework/Versions/A/IOSurfaceAccelerator
0x00000001951b9000 	/System/Library/PrivateFrameworks/IOAccelerator.framework/Versions/A/IOAccelerator
0x00000001954c8000 	/System/Library/Frameworks/CoreMedia.framework/Versions/A/CoreMedia
0x000000018f319000 	/System/Library/PrivateFrameworks/TCC.framework/Versions/A/TCC
0x000000019ab3f000 	/System/Library/PrivateFrameworks/WatchdogClient.framework/Versions/A/WatchdogClient
0x00000001b5e42000 	/usr/lib/swift/libswiftCoreAudio.dylib
0x00000001d1e15000 	/usr/lib/swift/libswiftCoreMedia.dylib
0x000000028d4be000 	/usr/lib/swift/libswiftVideoToolbox.dylib
0x00000001cb151000 	/System/Library/PrivateFrameworks/BiomeStorage.framework/Versions/A/BiomeStorage
0x000000025a705000 	/System/Library/PrivateFrameworks/IntelligencePlatformLibrary.framework/Versions/A/IntelligencePlatformLibrary
0x000000026afac000 	/System/Library/PrivateFrameworks/PoirotSchematizer.framework/Versions/A/PoirotSchematizer
0x000000023e959000 	/System/Library/PrivateFrameworks/BiomeSync.framework/Versions/A/BiomeSync
0x000000023e08c000 	/System/Library/PrivateFrameworks/BiomeDSL.framework/Versions/A/BiomeDSL
0x000000026b01a000 	/System/Library/PrivateFrameworks/PoirotUDFs.framework/Versions/A/PoirotUDFs
0x000000028d566000 	/usr/lib/swift/libswift_DarwinFoundation2.dylib
0x000000028d567000 	/usr/lib/swift/libswift_DarwinFoundation3.dylib
0x00000001a36b3000 	/System/Library/PrivateFrameworks/CoreTime.framework/Versions/A/CoreTime
0x00000001989de000 	/usr/lib/libiconv.2.dylib
0x000000019893b000 	/usr/lib/libcharset.1.dylib
0x000000026af6f000 	/System/Library/PrivateFrameworks/PoirotSQLite.framework/Versions/A/PoirotSQLite
0x000000028d568000 	/usr/lib/swift/libswift_RegexParser.dylib
0x000000023ff8f000 	/System/Library/PrivateFrameworks/CascadeSets.framework/Versions/A/CascadeSets
0x000000019d120000 	/System/Library/PrivateFrameworks/CorePhoneNumbers.framework/Versions/A/CorePhoneNumbers
0x000000019a939000 	/System/Library/PrivateFrameworks/AppleJPEG.framework/Versions/A/AppleJPEG
0x000000019a313000 	/usr/lib/libexpat.1.dylib
0x000000019b104000 	/System/Library/Frameworks/ImageIO.framework/Versions/A/Resources/libPng.dylib
0x000000019b12f000 	/System/Library/Frameworks/ImageIO.framework/Versions/A/Resources/libTIFF.dylib
0x000000019b217000 	/System/Library/Frameworks/ImageIO.framework/Versions/A/Resources/libGIF.dylib
0x000000019a97e000 	/System/Library/Frameworks/ImageIO.framework/Versions/A/Resources/libJP2.dylib
0x000000019b1be000 	/System/Library/Frameworks/ImageIO.framework/Versions/A/Resources/libJPEG.dylib
0x000000019b1b5000 	/System/Library/Frameworks/ImageIO.framework/Versions/A/Resources/libRadiance.dylib
0x00000002503bc000 	/System/Library/PrivateFrameworks/GPUCompiler.framework/Versions/32023/Libraries/libllvm-flatbuffers.dylib
0x000000024ae1b000 	/System/Library/PrivateFrameworks/FramePacing.framework/Versions/A/FramePacing
0x000000022e02e000 	/System/Library/Frameworks/OpenGL.framework/Versions/A/Libraries/libCoreFSCache.dylib
0x000000024bf49000 	/System/Library/PrivateFrameworks/GPUCompiler.framework/Versions/32023/Libraries/libGPUCompilerUtils.dylib
0x00000001a320b000 	/System/Library/PrivateFrameworks/GraphicsServices.framework/Versions/A/GraphicsServices
0x000000022e08d000 	/System/Library/Frameworks/OpenGL.framework/Versions/A/Libraries/libGLU.dylib
0x000000022e050000 	/System/Library/Frameworks/OpenGL.framework/Versions/A/Libraries/libGFXShared.dylib
0x000000022e21d000 	/System/Library/Frameworks/OpenGL.framework/Versions/A/Libraries/libGL.dylib
0x000000022e059000 	/System/Library/Frameworks/OpenGL.framework/Versions/A/Libraries/libGLImage.dylib
0x000000022e04d000 	/System/Library/Frameworks/OpenGL.framework/Versions/A/Libraries/libCVMSPluginSupport.dylib
0x000000022e036000 	/System/Library/Frameworks/OpenGL.framework/Versions/A/Libraries/libCoreVMClient.dylib
0x000000019b1b0000 	/System/Library/PrivateFrameworks/GPUWrangler.framework/Versions/A/GPUWrangler
0x000000019b190000 	/System/Library/PrivateFrameworks/IOPresentment.framework/Versions/A/IOPresentment
0x000000019b1b8000 	/System/Library/PrivateFrameworks/DSExternalDisplay.framework/Versions/A/DSExternalDisplay
0x0000000281521000 	/System/Library/PrivateFrameworks/VideoToolboxParavirtualizationSupport.framework/Versions/A/VideoToolboxParavirtualizationSupport
0x000000019a2ca000 	/System/Library/PrivateFrameworks/AppleVA.framework/Versions/A/AppleVA
0x00000002300b8000 	/System/Library/Frameworks/ExtensionFoundation.framework/Versions/A/ExtensionFoundation
0x000000019b21d000 	/System/Library/PrivateFrameworks/CMCaptureCore.framework/Versions/A/CMCaptureCore
0x000000019a596000 	/System/Library/PrivateFrameworks/AppServerSupport.framework/Versions/A/AppServerSupport
0x000000019cf18000 	/System/Library/PrivateFrameworks/perfdata.framework/Versions/A/perfdata
0x000000018b6b5000 	/System/Library/PrivateFrameworks/AudioToolboxCore.framework/Versions/A/AudioToolboxCore
0x000000019549e000 	/System/Library/PrivateFrameworks/caulk.framework/Versions/A/caulk
0x000000019cb15000 	/usr/lib/libAudioStatistics.dylib
0x00000001b4e4f000 	/System/Library/PrivateFrameworks/SystemPolicy.framework/Versions/A/SystemPolicy
0x000000019cdbd000 	/usr/lib/libSMC.dylib
0x00000001bc79c000 	/usr/lib/swift/libswiftCoreMIDI.dylib
0x00000001a812e000 	/System/Library/Frameworks/CoreMIDI.framework/Versions/A/CoreMIDI
0x000000019b0de000 	/usr/lib/libAudioToolboxUtility.dylib
0x000000019cf26000 	/usr/lib/libperfcheck.dylib
0x000000023d947000 	/System/Library/PrivateFrameworks/AudioAnalytics.framework/Versions/A/AudioAnalytics
0x00000001dbcd9000 	/System/Library/Frameworks/OSLog.framework/Versions/A/OSLog
0x0000000266a22000 	/System/Library/PrivateFrameworks/OSEligibility.framework/Versions/A/OSEligibility
0x000000023149c000 	/System/Library/Frameworks/LightweightCodeRequirements.framework/Versions/A/LightweightCodeRequirements
0x000000019a213000 	/System/Library/PrivateFrameworks/PlugInKit.framework/Versions/A/PlugInKit
0x0000000197af4000 	/System/Library/PrivateFrameworks/AssertionServices.framework/Versions/A/AssertionServices
0x000000019a338000 	/System/Library/PrivateFrameworks/IconFoundation.framework/Versions/A/IconFoundation
0x0000000257293000 	/System/Library/PrivateFrameworks/IconRendering.framework/Versions/A/IconRendering
0x000000026e3fd000 	/System/Library/PrivateFrameworks/SFSymbols.framework/Versions/A/SFSymbols
0x000000019a546000 	/System/Library/PrivateFrameworks/GraphVisualizer.framework/Versions/A/GraphVisualizer
0x000000024ad26000 	/System/Library/PrivateFrameworks/FontServices.framework/Versions/A/FontServices
0x000000019a556000 	/System/Library/PrivateFrameworks/OTSVG.framework/Versions/A/OTSVG
0x0000000193056000 	/System/Library/Frameworks/ApplicationServices.framework/Versions/A/Frameworks/ATS.framework/Versions/A/Resources/libFontRegistry.dylib
0x000000028c69b000 	/usr/lib/libhvf.dylib
0x00000002676ae000 	/System/Library/PrivateFrameworks/ParsingInternal.framework/Versions/A/ParsingInternal
0x000000024ad2a000 	/System/Library/PrivateFrameworks/FontServices.framework/libXTFontStaticRegistryData.dylib
0x00000001964ba000 	/System/Library/Frameworks/MetalPerformanceShaders.framework/Versions/A/Frameworks/MPSCore.framework/Versions/A/MPSCore
0x00000001982c4000 	/System/Library/Frameworks/MetalPerformanceShaders.framework/Versions/A/Frameworks/MPSImage.framework/Versions/A/MPSImage
0x0000000197c83000 	/System/Library/Frameworks/MetalPerformanceShaders.framework/Versions/A/Frameworks/MPSNeuralNetwork.framework/Versions/A/MPSNeuralNetwork
0x00000001980c2000 	/System/Library/Frameworks/MetalPerformanceShaders.framework/Versions/A/Frameworks/MPSMatrix.framework/Versions/A/MPSMatrix
0x0000000197eda000 	/System/Library/Frameworks/MetalPerformanceShaders.framework/Versions/A/Frameworks/MPSRayIntersector.framework/Versions/A/MPSRayIntersector
0x00000001980f4000 	/System/Library/Frameworks/MetalPerformanceShaders.framework/Versions/A/Frameworks/MPSNDArray.framework/Versions/A/MPSNDArray
0x0000000232321000 	/System/Library/Frameworks/MetalPerformanceShaders.framework/Versions/A/Frameworks/MPSFunctions.framework/Versions/A/MPSFunctions
0x0000000232302000 	/System/Library/Frameworks/MetalPerformanceShaders.framework/Versions/A/Frameworks/MPSBenchmarkLoop.framework/Versions/A/MPSBenchmarkLoop
0x0000000232335000 	/System/Library/Frameworks/MetalPerformanceShaders.framework/Versions/A/Frameworks/MPSHost.framework/Versions/A/MPSHost
0x000000018940f000 	/System/Library/PrivateFrameworks/MetalTools.framework/Versions/A/MetalTools
0x00000001bb0d9000 	/System/Library/PrivateFrameworks/IOAccelMemoryInfo.framework/Versions/A/IOAccelMemoryInfo
0x00000001c95ea000 	/System/Library/PrivateFrameworks/kperf.framework/Versions/A/kperf
0x00000001b5e3e000 	/System/Library/PrivateFrameworks/GPURawCounter.framework/Versions/A/GPURawCounter
0x00000001a6eab000 	/System/Library/PrivateFrameworks/ASEProcessing.framework/Versions/A/ASEProcessing
0x00000001d7697000 	/System/Library/PrivateFrameworks/Symbolication.framework/Versions/A/Symbolication
0x000000026ab5b000 	/System/Library/PrivateFrameworks/PhotosensitivityProcessing.framework/Versions/A/PhotosensitivityProcessing
0x000000026e483000 	/System/Library/PrivateFrameworks/SILManager.framework/Versions/A/SILManager
0x00000001a3556000 	/System/Library/PrivateFrameworks/CoreSymbolication.framework/Versions/A/CoreSymbolication
0x00000001b5db3000 	/System/Library/PrivateFrameworks/MallocStackLogging.framework/Versions/A/MallocStackLogging
0x00000001a3534000 	/System/Library/PrivateFrameworks/DebugSymbols.framework/Versions/A/DebugSymbols
0x00000001c7d5d000 	/System/Library/PrivateFrameworks/OSAnalytics.framework/Versions/A/OSAnalytics
0x0000000248a88000 	/System/Library/PrivateFrameworks/DeviceRecovery.framework/Versions/A/DeviceRecovery
0x000000027cdb1000 	/System/Library/PrivateFrameworks/Tightbeam.framework/Versions/A/Tightbeam
0x00000001ce421000 	/System/Library/PrivateFrameworks/AFKUser.framework/Versions/A/AFKUser
0x0000000198732000 	/System/Library/Frameworks/UserNotifications.framework/Versions/A/UserNotifications
0x00000001bb86e000 	/System/Library/PrivateFrameworks/SiriInstrumentation.framework/Versions/A/SiriInstrumentation
0x00000002708de000 	/System/Library/PrivateFrameworks/SiriAnalytics.framework/Versions/A/SiriAnalytics
0x00000001b8fd6000 	/System/Library/PrivateFrameworks/FeedbackLogger.framework/Versions/A/FeedbackLogger
0x00000001d3861000 	/usr/lib/swift/libswiftAVFoundation.dylib
0x000000027f5d9000 	/System/Library/PrivateFrameworks/UnifiedAssetFramework.framework/Versions/A/UnifiedAssetFramework
0x000000019ca94000 	/System/Library/PrivateFrameworks/AudioSession.framework/Versions/A/AudioSession
0x000000019a457000 	/System/Library/PrivateFrameworks/MediaExperience.framework/Versions/A/MediaExperience
0x000000019c869000 	/System/Library/PrivateFrameworks/AudioSession.framework/libSessionUtility.dylib
0x00000001a20e1000 	/System/Library/Frameworks/CoreBluetooth.framework/Versions/A/CoreBluetooth
0x0000000197967000 	/System/Library/PrivateFrameworks/CoreUtils.framework/Versions/A/CoreUtils
0x00000001adce4000 	/System/Library/PrivateFrameworks/HID.framework/Versions/A/HID
0x00000002479a1000 	/System/Library/PrivateFrameworks/CoreUtilsExtras.framework/Versions/A/CoreUtilsExtras
0x00000002571e8000 	/System/Library/PrivateFrameworks/IO80211.framework/Versions/A/IO80211
0x000000019ea57000 	/System/Library/Frameworks/IOBluetooth.framework/Versions/A/IOBluetooth
0x000000028d373000 	/usr/lib/swift/libswiftRegexBuilder.dylib
0x000000019a0b3000 	/usr/lib/libIOReport.dylib
0x00000001e4238000 	/System/Library/PrivateFrameworks/WiFiPeerToPeer.framework/Versions/A/WiFiPeerToPeer
0x0000000197b03000 	/System/Library/Frameworks/SecurityFoundation.framework/Versions/A/SecurityFoundation
0x0000000240043000 	/System/Library/PrivateFrameworks/Centauri.framework/Versions/A/Centauri
0x0000000189df3000 	/System/Library/PrivateFrameworks/Lexicon.framework/Versions/A/Lexicon
0x000000028caeb000 	/usr/lib/libmrc.dylib
0x0000000257253000 	/System/Library/PrivateFrameworks/IPConfiguration.framework/Versions/A/IPConfiguration
0x00000001d7e6e000 	/System/Library/PrivateFrameworks/Netrb.framework/Versions/A/Netrb
0x0000000197c6c000 	/usr/lib/libgermantok.dylib
0x00000001966a9000 	/System/Library/PrivateFrameworks/LinguisticData.framework/Versions/A/LinguisticData
0x00000001a22ea000 	/System/Library/PrivateFrameworks/MediaKit.framework/Versions/A/MediaKit
0x00000001a2238000 	/System/Library/Frameworks/DiscRecording.framework/Versions/A/DiscRecording
0x000000019a32e000 	/usr/lib/libheimdal-asn1.dylib
0x00000001a5d13000 	/System/Library/Frameworks/AudioUnit.framework/Versions/A/AudioUnit
0x000000019336e000 	/System/Library/Frameworks/OpenDirectory.framework/Versions/A/OpenDirectory
0x000000019337c000 	/System/Library/Frameworks/OpenDirectory.framework/Versions/A/Frameworks/CFOpenDirectory.framework/Versions/A/CFOpenDirectory
0x000000019edff000 	/System/Library/PrivateFrameworks/GeoServices.framework/Versions/A/GeoServices
0x000000019c82f000 	/System/Library/PrivateFrameworks/LocationSupport.framework/Versions/A/LocationSupport
0x0000000253f0f000 	/System/Library/PrivateFrameworks/GeoServicesCore.framework/Versions/A/GeoServicesCore
0x00000001aebe8000 	/System/Library/PrivateFrameworks/PhoneNumbers.framework/Versions/A/PhoneNumbers
0x000000025c697000 	/System/Library/PrivateFrameworks/LocationLogEncryption.framework/Versions/A/LocationLogEncryption
0x000000022e5a9000 	/System/Library/Frameworks/AVFAudio.framework/Versions/A/AVFAudio
0x000000022e6ed000 	/System/Library/Frameworks/AVRouting.framework/Versions/A/AVRouting
0x00000001aed00000 	/usr/lib/libAccessibility.dylib
0x000000025b081000 	/System/Library/PrivateFrameworks/IsolatedCoreAudioClient.framework/Versions/A/IsolatedCoreAudioClient
0x00000002437d9000 	/System/Library/PrivateFrameworks/CoreAudioOrchestration.framework/Versions/A/CoreAudioOrchestration
0x000000019b705000 	/System/Library/Frameworks/MediaToolbox.framework/Versions/A/MediaToolbox
0x00000001a2410000 	/System/Library/PrivateFrameworks/CoreAVCHD.framework/Versions/A/CoreAVCHD
0x00000001a133f000 	/System/Library/Frameworks/MediaAccessibility.framework/Versions/A/MediaAccessibility
0x00000001a240c000 	/System/Library/PrivateFrameworks/Mangrove.framework/Versions/A/Mangrove
0x000000023f67f000 	/System/Library/PrivateFrameworks/CMPhoto.framework/Versions/A/CMPhoto
0x00000001a2bd9000 	/System/Library/Frameworks/CoreTelephony.framework/Versions/A/CoreTelephony
0x00000001a23ff000 	/System/Library/PrivateFrameworks/CoreAUC.framework/Versions/A/CoreAUC
0x000000023c7f0000 	/System/Library/PrivateFrameworks/AppleJPEGXL.framework/Versions/A/AppleJPEGXL
0x000000019d130000 	/usr/lib/libTelephonyUtilDynamic.dylib
0x00000001dedca000 	/System/Library/Frameworks/CryptoKit.framework/Versions/A/CryptoKit
0x00000001a5d0e000 	/System/Library/PrivateFrameworks/CryptoKitCBridging.framework/Versions/A/CryptoKitCBridging
0x00000001a321d000 	/System/Library/Frameworks/CryptoTokenKit.framework/Versions/A/CryptoTokenKit
0x00000002484f9000 	/System/Library/PrivateFrameworks/Dendrite.framework/Versions/A/Dendrite
0x00000001b59e6000 	/System/Library/Frameworks/NaturalLanguage.framework/Versions/A/NaturalLanguage
0x00000001e41c0000 	/usr/lib/swift/libswiftNaturalLanguage.dylib
0x000000023d366000 	/System/Library/PrivateFrameworks/AppleMobileFileIntegrity.framework/Versions/A/AppleMobileFileIntegrity
0x000000028bc4a000 	/usr/lib/libTLE.dylib
0x00000001b5de5000 	/usr/lib/libmis.dylib
0x00000001ed8c7000 	/System/Library/PrivateFrameworks/ConfigProfileHelper.framework/Versions/A/ConfigProfileHelper
0x00000001a5e9d000 	/System/Library/PrivateFrameworks/Espresso.framework/Versions/A/Espresso
0x0000000193afd000 	/System/Library/Frameworks/CoreML.framework/Versions/A/CoreML
0x00000001e207d000 	/usr/lib/libedit.3.dylib
0x000000022b3b8000 	/System/Library/PrivateFrameworks/ANECompiler.framework/Versions/A/ANECompiler
0x00000001a7f72000 	/System/Library/PrivateFrameworks/AppleNeuralEngine.framework/Versions/A/AppleNeuralEngine
0x000000025c7b5000 	/System/Library/PrivateFrameworks/MIL.framework/Versions/A/MIL
0x000000023233b000 	/System/Library/Frameworks/MetalPerformanceShadersGraph.framework/Versions/A/MetalPerformanceShadersGraph
0x000000025cf24000 	/System/Library/PrivateFrameworks/MLCompilerServices.framework/Versions/A/MLCompilerServices
0x00000001a6cef000 	/System/Library/PrivateFrameworks/ANEServices.framework/Versions/A/ANEServices
0x00000001bb09c000 	/usr/lib/libncurses.5.4.dylib
0x000000018cfaa000 	/usr/lib/libsandbox.1.dylib
0x000000019a254000 	/usr/lib/libMatch.1.dylib
0x00000002667a4000 	/System/Library/PrivateFrameworks/ODIE.framework/Versions/A/ODIE
0x000000025fbb1000 	/System/Library/PrivateFrameworks/MLModelAsset.framework/Versions/A/MLModelAsset
0x000000025ceca000 	/System/Library/PrivateFrameworks/MLCompilerRuntime.framework/Versions/A/MLCompilerRuntime
0x0000000197f2f000 	/System/Library/Frameworks/MLCompute.framework/Versions/A/MLCompute
0x000000025ce4c000 	/System/Library/PrivateFrameworks/MLAssetIO.framework/Versions/A/MLAssetIO
0x000000028d345000 	/usr/lib/swift/libswiftMLCompute.dylib
0x00000001a2df4000 	/System/Library/PrivateFrameworks/AVFCore.framework/Versions/A/AVFCore
0x00000001ac602000 	/System/Library/PrivateFrameworks/AVFCapture.framework/Versions/A/AVFCapture
0x000000023f476000 	/System/Library/PrivateFrameworks/CMImaging.framework/Versions/A/CMImaging
0x00000001ac844000 	/System/Library/PrivateFrameworks/Quagga.framework/Versions/A/Quagga
0x00000001ac975000 	/System/Library/PrivateFrameworks/CMCapture.framework/Versions/A/CMCapture
0x000000019ccba000 	/System/Library/Frameworks/CoreMediaIO.framework/Versions/A/CoreMediaIO
0x000000023f3b1000 	/System/Library/PrivateFrameworks/CMCaptureDevice.framework/Versions/A/CMCaptureDevice
0x000000019a68f000 	/System/Library/PrivateFrameworks/CoreBrightness.framework/Versions/A/CoreBrightness
0x000000024053a000 	/System/Library/PrivateFrameworks/CinematicFraming.framework/Versions/A/CinematicFraming
0x0000000262c8c000 	/System/Library/PrivateFrameworks/ModelManagerServices.framework/Versions/A/ModelManagerServices
0x00000001d08cb000 	/System/Library/PrivateFrameworks/CPMS.framework/Versions/A/CPMS
0x000000027a4d9000 	/System/Library/PrivateFrameworks/SystemStatus.framework/Versions/A/SystemStatus
0x00000001b4824000 	/System/Library/Frameworks/CoreMotion.framework/Versions/A/CoreMotion
0x00000001c4ded000 	/System/Library/PrivateFrameworks/TimeSync.framework/Versions/A/TimeSync
0x0000000248ebf000 	/System/Library/PrivateFrameworks/DistributedSensing.framework/Versions/A/DistributedSensing
0x00000001c01e4000 	/System/Library/PrivateFrameworks/MobileBluetooth.framework/Versions/A/MobileBluetooth
0x00000001c6aaa000 	/System/Library/PrivateFrameworks/IOKitten.framework/Versions/A/IOKitten
0x000000023c66a000 	/System/Library/PrivateFrameworks/AppleIntelligenceReporting.framework/Versions/A/AppleIntelligenceReporting
0x0000000197876000 	/System/Library/PrivateFrameworks/CoreEmoji.framework/Versions/A/CoreEmoji
0x000000018a105000 	/usr/lib/libCRFSuite.dylib
0x000000018b3e5000 	/System/Library/PrivateFrameworks/LanguageModeling.framework/Versions/A/LanguageModeling
0x0000000196589000 	/System/Library/PrivateFrameworks/CoreNLP.framework/Versions/A/CoreNLP
0x000000019035b000 	/System/Library/PrivateFrameworks/Montreal.framework/Versions/A/Montreal
0x00000001989e6000 	/usr/lib/libcmph.dylib
0x0000000197c0d000 	/usr/lib/libmecab.dylib
0x0000000198b57000 	/usr/lib/libThaiTokenizer.dylib
0x0000000253cf4000 	/System/Library/PrivateFrameworks/GenerativeModelsFoundation.framework/Versions/A/GenerativeModelsFoundation
0x000000027d2b6000 	/System/Library/PrivateFrameworks/TokenGeneration.framework/Versions/A/TokenGeneration
0x0000000253ac8000 	/System/Library/PrivateFrameworks/GenerativeFunctions.framework/Versions/A/GenerativeFunctions
0x0000000253b16000 	/System/Library/PrivateFrameworks/GenerativeFunctionsFoundation.framework/Versions/A/GenerativeFunctionsFoundation
0x0000000262952000 	/System/Library/PrivateFrameworks/ModelCatalog.framework/Versions/A/ModelCatalog
0x000000026faf8000 	/System/Library/PrivateFrameworks/SensitiveContentAnalysisML.framework/Versions/A/SensitiveContentAnalysisML
0x0000000253bac000 	/System/Library/PrivateFrameworks/GenerativeFunctionsInstrumentation.framework/Versions/A/GenerativeFunctionsInstrumentation
0x000000026c970000 	/System/Library/PrivateFrameworks/PromptKit.framework/Versions/A/PromptKit
0x000000026c387000 	/System/Library/PrivateFrameworks/ProactiveDaemonSupport.framework/Versions/A/ProactiveDaemonSupport
0x000000027d4ee000 	/System/Library/PrivateFrameworks/TokenGenerationCore.framework/Versions/A/TokenGenerationCore
0x00000001b68b1000 	/System/Library/PrivateFrameworks/Trial.framework/Versions/A/Trial
0x00000001b6832000 	/System/Library/PrivateFrameworks/TrialProto.framework/Versions/A/TrialProto
0x000000023c296000 	/System/Library/PrivateFrameworks/AppleFlatBuffers.framework/Versions/A/AppleFlatBuffers
0x000000026fdc8000 	/System/Library/PrivateFrameworks/SentencePieceInternal.framework/Versions/A/SentencePieceInternal
0x00000001a1399000 	/System/Library/Frameworks/Vision.framework/Versions/A/Vision
0x0000000247683000 	/System/Library/PrivateFrameworks/CoreSceneUnderstanding.framework/Versions/A/CoreSceneUnderstanding
0x000000028212e000 	/System/Library/PrivateFrameworks/VisionCore.framework/Versions/A/VisionCore
0x00000001bf172000 	/System/Library/Frameworks/Vision.framework/libfaceCore.dylib
0x00000001bfc8c000 	/System/Library/PrivateFrameworks/Futhark.framework/Versions/A/Futhark
0x00000001c3bca000 	/System/Library/PrivateFrameworks/InertiaCam.framework/Versions/A/InertiaCam
0x00000001bfa19000 	/System/Library/PrivateFrameworks/TextRecognition.framework/Versions/A/TextRecognition
0x000000019a0f1000 	/System/Library/PrivateFrameworks/CVNLP.framework/Versions/A/CVNLP
0x00000001dc1c2000 	/System/Library/PrivateFrameworks/HIDDisplay.framework/Versions/A/HIDDisplay
0x000000019b1e9000 	/System/Library/Frameworks/ApplicationServices.framework/Versions/A/Frameworks/ATSUI.framework/Versions/A/ATSUI
0x000000019ce9e000 	/usr/lib/libcups.2.dylib
0x000000019cf34000 	/System/Library/Frameworks/Kerberos.framework/Versions/A/Kerberos
0x000000019cba5000 	/usr/lib/libresolv.9.dylib
0x000000019a5aa000 	/System/Library/PrivateFrameworks/Heimdal.framework/Versions/A/Heimdal
0x00000001a5d12000 	/System/Library/Frameworks/Kerberos.framework/Versions/A/Libraries/libHeimdalProxy.dylib
0x000000019cf98000 	/System/Library/PrivateFrameworks/CommonAuth.framework/Versions/A/CommonAuth
0x00000001aebf4000 	/System/Library/PrivateFrameworks/AXCoreUtilities.framework/Versions/A/AXCoreUtilities
0x000000028b74b000 	/usr/lib/libAXSafeCategoryBundle.dylib
0x00000002366c6000 	/System/Library/Frameworks/TabularData.framework/Versions/A/TabularData
0x000000023d516000 	/System/Library/PrivateFrameworks/ArgumentParserInternal.framework/Versions/A/ArgumentParserInternal
0x0000000197738000 	/System/Library/Frameworks/Accelerate.framework/Versions/A/Frameworks/vecLib.framework/Versions/A/libvDSP.dylib
0x0000000198ca6000 	/System/Library/Frameworks/Accelerate.framework/Versions/A/Frameworks/vecLib.framework/Versions/A/libLAPACK.dylib
0x0000000197c6f000 	/System/Library/Frameworks/Accelerate.framework/Versions/A/Frameworks/vecLib.framework/Versions/A/libLinearAlgebra.dylib
0x0000000198b9d000 	/System/Library/Frameworks/Accelerate.framework/Versions/A/Frameworks/vecLib.framework/Versions/A/libSparseBLAS.dylib
0x0000000198ca1000 	/System/Library/Frameworks/Accelerate.framework/Versions/A/Frameworks/vecLib.framework/Versions/A/libQuadrature.dylib
0x00000001966b0000 	/System/Library/Frameworks/Accelerate.framework/Versions/A/Frameworks/vecLib.framework/Versions/A/libBNNS.dylib
0x0000000189f03000 	/System/Library/Frameworks/Accelerate.framework/Versions/A/Frameworks/vecLib.framework/Versions/A/libSparse.dylib
0x000000019cefd000 	/System/Library/PrivateFrameworks/NetAuth.framework/Versions/A/NetAuth
0x0000000193592000 	/System/Library/PrivateFrameworks/login.framework/Versions/A/Frameworks/loginsupport.framework/Versions/A/loginsupport
0x0000000197bd7000 	/usr/lib/libCheckFix.dylib
0x0000000192718000 	/System/Library/PrivateFrameworks/MetadataUtilities.framework/Versions/A/MetadataUtilities
0x0000000257cda000 	/System/Library/PrivateFrameworks/InstalledContentLibrary.framework/Versions/A/InstalledContentLibrary
0x000000018ce6e000 	/System/Library/PrivateFrameworks/CoreServicesStore.framework/Versions/A/CoreServicesStore
0x00000001c9701000 	/System/Library/PrivateFrameworks/MobileSystemServices.framework/Versions/A/MobileSystemServices
0x0000000199f76000 	/usr/lib/libxslt.1.dylib
0x0000000197b96000 	/System/Library/PrivateFrameworks/BackgroundTaskManagement.framework/Versions/A/BackgroundTaskManagement
0x00000001a53a4000 	/usr/lib/libcurl.4.dylib
0x000000028c44f000 	/usr/lib/libcrypto.46.dylib
0x000000028cfee000 	/usr/lib/libssl.48.dylib
0x00000001a507e000 	/System/Library/Frameworks/LDAP.framework/Versions/A/LDAP
0x00000001a50ba000 	/System/Library/PrivateFrameworks/TrustEvaluationAgent.framework/Versions/A/TrustEvaluationAgent
0x000000019cbc2000 	/usr/lib/libsasl2.2.dylib
0x00000001b2cf9000 	/usr/lib/swift/libswiftCoreGraphics.dylib
0x00000001a1a33000 	/usr/lib/swift/libswiftFoundation.dylib
0x00000001ed26b000 	/usr/lib/swift/libswiftSwiftOnoneSupport.dylib
0x000000028d69c000 	/usr/lib/swift/libswiftsys_time.dylib
0x00000001d7eac000 	/System/Library/PrivateFrameworks/CoreMaterial.framework/Versions/A/CoreMaterial
0x000000028bc47000 	/usr/lib/libSpatial.dylib
0x000000028b668000 	/System/Library/SubFrameworks/UIUtilities.framework/Versions/A/UIUtilities
0x0000000108d5c000 	/Library/Java/JavaVirtualMachines/zulu-21.jdk/Contents/Home/lib/server/libjvm.dylib
0x0000000102f64000 	/Library/Java/JavaVirtualMachines/zulu-21.jdk/Contents/Home/lib/libjimage.dylib
0x0000000102fc0000 	/Library/Java/JavaVirtualMachines/zulu-21.jdk/Contents/Home/lib/libjdwp.dylib
0x0000000103008000 	/Library/Java/JavaVirtualMachines/zulu-21.jdk/Contents/Home/lib/libjava.dylib
0x0000000102f90000 	/Library/Java/JavaVirtualMachines/zulu-21.jdk/Contents/Home/lib/libinstrument.dylib
0x00000001030a0000 	/Library/Java/JavaVirtualMachines/zulu-21.jdk/Contents/Home/lib/libzip.dylib
0x000000028b73d000 	/usr/lib/i18n/libiconv_std.dylib
0x000000028b733000 	/usr/lib/i18n/libUTF8.dylib
0x000000028b742000 	/usr/lib/i18n/libmapper_none.dylib
0x000000010308c000 	/Library/Java/JavaVirtualMachines/zulu-21.jdk/Contents/Home/lib/libdt_socket.dylib
0x00000001031d0000 	/Library/Java/JavaVirtualMachines/zulu-21.jdk/Contents/Home/lib/libnio.dylib
0x00000001031f0000 	/Library/Java/JavaVirtualMachines/zulu-21.jdk/Contents/Home/lib/libnet.dylib
0x00000001031b0000 	/Library/Java/JavaVirtualMachines/zulu-21.jdk/Contents/Home/lib/libmanagement.dylib
0x000000010320c000 	/Library/Java/JavaVirtualMachines/zulu-21.jdk/Contents/Home/lib/libmanagement_ext.dylib
0x0000000103220000 	/Library/Java/JavaVirtualMachines/zulu-21.jdk/Contents/Home/lib/libextnet.dylib
0x000000011b690000 	/private/var/folders/7d/0ry9_q1n4bg69f1d7hk7vyq00000gn/T/sqlite-3.46.1.3-e65971f5-e788-47a6-8d69-e56bb5f16663-libsqlitejdbc.dylib

JVMTI agents:
jdwp path:none, loaded, initialized, options:transport=dt_socket,address=127.0.0.1:49976,suspend=y,server=n
/Users/mamengyang/Library/Caches/JetBrains/IntelliJIdea2026.1/captureAgent/debugger-agent.jar path:none, loaded, initialized, instrumentlib options:file:///var/folders/7d/0ry9_q1n4bg69f1d7hk7vyq00000gn/T/capture11228297198972876056.props


VM Arguments:
jvm_args: -agentlib:jdwp=transport=dt_socket,address=127.0.0.1:49976,suspend=y,server=n -javaagent:/Users/mamengyang/Library/Caches/JetBrains/IntelliJIdea2026.1/captureAgent/debugger-agent.jar=file:///var/folders/7d/0ry9_q1n4bg69f1d7hk7vyq00000gn/T/capture11228297198972876056.props -XX:TieredStopAtLevel=1 -Dspring.output.ansi.enabled=always -Dcom.sun.management.jmxremote -Dspring.jmx.enabled=true -Dspring.liveBeansView.mbeanDomain -Dspring.application.admin.enabled=true -Dmanagement.endpoints.jmx.exposure.include=* -Dkotlinx.coroutines.debug.enable.creation.stack.trace=false -Ddebugger.agent.enable.coroutines=true -Dkotlinx.coroutines.debug.enable.flows.stack.trace=true -Dkotlinx.coroutines.debug.enable.mutable.state.flows.stack.trace=true -Ddebugger.async.stack.trace.for.all.threads=true -Dfile.encoding=UTF-8 -Dsun.stdout.encoding=UTF-8 -Dsun.stderr.encoding=UTF-8 
java_command: com.codespar.CodeSparApplication
java_class_path (initial): /Users/mamengyang/Documents/project/CodeSpar/backend/target/classes:/Users/mamengyang/mmy/apache-maven-3.8.9/m2/org/springframework/boot/spring-boot-starter-web/3.5.4/spring-boot-starter-web-3.5.4.jar:/Users/mamengyang/mmy/apache-maven-3.8.9/m2/org/springframework/boot/spring-boot-starter/3.5.4/spring-boot-starter-3.5.4.jar:/Users/mamengyang/mmy/apache-maven-3.8.9/m2/org/springframework/boot/spring-boot/3.5.4/spring-boot-3.5.4.jar:/Users/mamengyang/mmy/apache-maven-3.8.9/m2/org/springframework/boot/spring-boot-starter-logging/3.5.4/spring-boot-starter-logging-3.5.4.jar:/Users/mamengyang/mmy/apache-maven-3.8.9/m2/ch/qos/logback/logback-classic/1.5.18/logback-classic-1.5.18.jar:/Users/mamengyang/mmy/apache-maven-3.8.9/m2/ch/qos/logback/logback-core/1.5.18/logback-core-1.5.18.jar:/Users/mamengyang/mmy/apache-maven-3.8.9/m2/org/apache/logging/log4j/log4j-to-slf4j/2.24.3/log4j-to-slf4j-2.24.3.jar:/Users/mamengyang/mmy/apache-maven-3.8.9/m2/org/apache/logging/log4j/log4j-api/2.24.3/log4j-api-2.24.3.jar:/Users/mamengyang/mmy/apache-maven-3.8.9/m2/org/slf4j/jul-to-slf4j/2.0.17/jul-to-slf4j-2.0.17.jar:/Users/mamengyang/mmy/apache-maven-3.8.9/m2/jakarta/annotation/jakarta.annotation-api/2.1.1/jakarta.annotation-api-2.1.1.jar:/Users/mamengyang/mmy/apache-maven-3.8.9/m2/org/yaml/snakeyaml/2.4/snakeyaml-2.4.jar:/Users/mamengyang/mmy/apache-maven-3.8.9/m2/org/springframework/boot/spring-boot-starter-json/3.5.4/spring-boot-starter-json-3.5.4.jar:/Users/mamengyang/mmy/apache-maven-3.8.9/m2/com/fasterxml/jackson/core/jackson-databind/2.19.2/jackson-databind-2.19.2.jar:/Users/mamengyang/mmy/apache-maven-3.8.9/m2/com/fasterxml/jackson/datatype/jackson-datatype-jdk8/2.19.2/jackson-datatype-jdk8-2.19.2.jar:/Users/mamengyang/mmy/apache-maven-3.8.9/m2/com/fasterxml/jackson/module/jackson-module-parameter-names/2.19.2/jackson-module-parameter-names-2.19.2.jar:/Users/mamengyang/mmy/apache-maven-3.8.9/m2/org/springframework/boot/spring-boot-starter-tomcat/3.5.4/spring-boot-starter-tomcat-3.5.4.jar:/Users/mamengyang/mmy/apache-maven-3.8.9/m2/org/apache/tomcat/embed/tomcat-embed-core/10.1.43/tomcat-embed-core-10.1.43.jar:/Users/mamengyang/mmy/apache-maven-3.8.9/m2/org/apache/tomcat/embed/tomcat-embed-websocket/10.1.43/tomcat-embed-websocket-10.1.43.jar:/Users/mamengyang/mmy/apache-maven-3.8.9/m2/org/springframework/spring-web/6.2.9/spring-web-6.2.9.jar:/Users/mamengyang/mmy/apache-maven-3.8.9/m2/org/springframework/spring-beans/6.2.9/spring-beans-6.2.9.jar:/Users/mamengyang/mmy/apache-maven-3.8.9/m2/io/micrometer/micrometer-observation/1.15.2/micrometer-observation-1.15.2.jar:/Users/mamengyang/mmy/apache-maven-3.8.9/m2/io/micrometer/micrometer-commons/1.15.2/micrometer-commons-1.15.2.jar:/Users/mamengyang/mmy/apache-maven-3.8.9/m2/org/springframework/spring-webmvc/6.2.9/spring-webmvc-6.2.9.jar:/Users/mamengyang/mmy/apache-maven-3.8.9/m2/org/springframework/spring-aop/6.2.9/spring-aop-6.2.9.jar:/Users/mamengyang/mmy/apache-maven-3.8.9/m2/org/springframework/spring-context/6.2.9/spring-context-6.2.9.jar:/Users/mamengyang/mmy/apache-maven-3.8.9/m2/org/springframework/spring-expression/6.2.9/spring-expression-6.2.9.jar:/Users/mamengyang/mmy/apache-maven-3.8.9/m2/io/projectreactor/reactor-core/3.7.8/reactor-core-3.7.8.jar:/Users/mamengyang/mmy/apache-maven-3.8.9/m2/org/reactivestreams/reactive-streams/1.0.4/reactive-streams-1.0.4.jar:/Users/mamengyang/mmy/apache-maven-3.8.9/m2/org/springframework/boot/spring-boot-starter-validation/3.5.4/spring-boot-starter-validation-3.5.4.jar:/Users/mamengyang/mmy/apache-maven-3.8.9/m2/org/apache/tomcat/embed/tomcat-embed-el/10.1.43/tomcat-embed-el-10.1.43.jar:/Users/mamengyang/mmy/apache-maven-3.8.9/m2/org/hibernate/validator/hibernate-validator/8.0.2.Final/hibernate-validator-8.0.2.Final.jar:/Users/mamengyang/mmy/apache-maven-3.8.9/m2/jakarta/validation/jakarta.validation-api/3.0.2/jakarta.validation-api-3.0.2.jar:/Users/mamengyang/mmy/apache-maven-3.8.9/m2/org/jboss/logging/jboss-logging/3.6.1.Final/jboss-logging-3.6.1.Final.jar:/Users/mamengyang/mmy/apache-maven-3.8.9/m2/com/fasterxml/classmate/1.7.0/classmate-1.7.0.jar:/Users/mamengyang/mmy/apache-maven-3.8.9/m2/org/springframework/ai/spring-ai-starter-model-openai/1.1.2/spring-ai-starter-model-openai-1.1.2.jar:/Users/mamengyang/mmy/apache-maven-3.8.9/m2/org/springframework/ai/spring-ai-autoconfigure-model-openai/1.1.2/spring-ai-autoconfigure-model-openai-1.1.2.jar:/Users/mamengyang/mmy/apache-maven-3.8.9/m2/org/springframework/ai/spring-ai-autoconfigure-model-tool/1.1.2/spring-ai-autoconfigure-model-tool-1.1.2.jar:/Users/mamengyang/mmy/apache-maven-3.8.9/m2/org/springframework/ai/spring-ai-autoconfigure-retry/1.1.2/spring-ai-autoconfigure-retry-1.1.2.jar:/Users/mamengyang/mmy/apache-maven-3.8.9/m2/org/springframework/ai/spring-ai-autoconfigure-model-chat-observation/1.1.2/spring-ai-autoconfigure-model-chat-observation-1.1.2.jar:/Users/mamengyang/mmy/apache-maven-3.8.9/m2/org/springframework/ai/spring-ai-autoconfigure-model-embedding-observation/1.1.2/spring-ai-autoconfigure-model-embedding-observation-1.1.2.jar:/Users/mamengyang/mmy/apache-maven-3.8.9/m2/org/springframework/ai/spring-ai-autoconfigure-model-image-observation/1.1.2/spring-ai-autoconfigure-model-image-observation-1.1.2.jar:/Users/mamengyang/mmy/apache-maven-3.8.9/m2/org/springframework/ai/spring-ai-openai/1.1.2/spring-ai-openai-1.1.2.jar:/Users/mamengyang/mmy/apache-maven-3.8.9/m2/org/springframework/ai/spring-ai-model/1.1.2/spring-ai-model-1.1.2.jar:/Users/mamengyang/mmy/apache-maven-3.8.9/m2/org/springframework/ai/spring-ai-commons/1.1.2/spring-ai-commons-1.1.2.jar:/Users/mamengyang/mmy/apache-maven-3.8.9/m2/io/micrometer/micrometer-core/1.15.2/micrometer-core-1.15.2.jar:/Users/mamengyang/mmy/apache-maven-3.8.9/m2/org/hdrhistogram/HdrHistogram/2.2.2/HdrHistogram-2.2.2.jar:/Users/mamengyang/mmy/apache-maven-3.8.9/m2/org/latencyutils/LatencyUtils/2.0.3/LatencyUtils-2.0.3.jar:/Users/mamengyang/mmy/apache-maven-3.8.9/m2/io/micrometer/context-propagation/1.1.3/context-propagation-1.1.3.jar:/Users/mamengyang/mmy/apache-maven-3.8.9/m2/org/springframework/ai/spring-ai-template-st/1.1.2/spring-ai-template-st-1.1.2.jar:/Users/mamengyang/mmy/apache-maven-3.8.9/m2/org/antlr/ST4/4.3.4/ST4-4.3.4.jar:/Users/mamengyang/mmy/apache-maven-3.8.9/m2/org/antlr/antlr-runtime/3.5.3/antlr-runtime-3.5.3.jar:/Users/mamengyang/mmy/apache-maven-3.8.9/m2/org/springframework/spring-messaging/6.2.9/spring-messaging-6.2.9.jar:/Users/mamengyang/mmy/apache-maven-3.8.9/m2/org/antlr/antlr4-runtime/4.13.1/antlr4-runtime-4.13.1.jar:/Users/mamengyang/mmy/apache-maven-3.8.9/m2/com/github/victools/jsonschema-module-swagger-2/4.38.0/jsonschema-module-swagger-2-4.38.0.jar:/Users/mamengyang/mmy/apache-maven-3.8.9/m2/io/swagger/core/v3/swagger-annotations-jakarta/2.2.38/swagger-annotations-jakarta-2.2.38.jar:/Users/mamengyang/mmy/apache-maven-3.8.9/m2/org/springframework/ai/spring-ai-retry/1.1.2/spring-ai-retry-1.1.2.jar:/Users/mamengyang/mmy/apache-maven-3.8.9/m2/org/springframework/retry/spring-retry/2.0.12/spring-retry-2.0.12.jar:/Users/mamengyang/mmy/apache-maven-3.8.9/m2/com/github/victools/jsonschema-generator/4.38.0/jsonschema-generator-4.38.0.jar:/Users/mamengyang/mmy/apache-maven-3.8.9/m2/com/github/victools/jsonschema-module-jackson/4.38.0/jsonschema-module-jackson-4.38.0.jar:/Users/mamengyang/mmy/apache-maven-3.8.9/m2/org/springframework/spring-context-support/6.2.9/spring-context-support-6.2.9.jar:/Users/mamengyang/mmy/apache-maven-3.8.9/m2/org/springframework/spring-webflux/6.2.9/spring-webflux-6.2.9.jar:/Users/mamengyang/mmy/apache-maven-3.8.9/m2/org/slf4j/slf4j-api/2.0.17/slf4j-api-2.0.17.jar:/Users/mamengyang/mmy/apache-maven-3.8.9/m2/org/springframework/ai/spring-ai-autoconfigure-model-chat-client/1.1.2/spring-ai-autoconfigure-model-chat-client-1.1.2.jar:/Users/mamengyang/mmy/apache-maven-3.8.9/m2/org/springframework/ai/spring-ai-client-chat/1.1.2/spring-ai-client-chat-1.1.2.jar:/Users/mamengyang/mmy/apache-maven-3.8.9/m2/io/modelcontextprotocol/sdk/mcp-json-jackson2/0.17.0/mcp-json-jackson2-0.17.0.jar:/Users/mamengyang/mmy/apache-maven-3.8.9/m2/io/modelcontextprotocol/sdk/mcp-json/0.17.0/mcp-json-0.17.0.jar:/Users/mamengyang/mmy/apache-maven-3.8.9/m2/com/networknt/json-schema-validator/2.0.0/json-schema-validator-2.0.0.jar:/Users/mamengyang/mmy/apache-maven-3.8.9/m2/com/ethlo/time/itu/1.14.0/itu-1.14.0.jar:/Users/mamengyang/mmy/apache-maven-3.8.9/m2/com/fasterxml/jackson/dataformat/jackson-dataformat-yaml/2.19.2/jackson-dataformat-yaml-2.19.2.jar:/Users/mamengyang/mmy/apache-maven-3.8.9/m2/com/fasterxml/jackson/module/jackson-module-jsonSchema/2.19.2/jackson-module-jsonSchema-2.19.2.jar:/Users/mamengyang/mmy/apache-maven-3.8.9/m2/javax/validation/validation-api/1.1.0.Final/validation-api-1.1.0.Final.jar:/Users/mamengyang/mmy/apache-maven-3.8.9/m2/com/knuddels/jtokkit/1.1.0/jtokkit-1.1.0.jar:/Users/mamengyang/mmy/apache-maven-3.8.9/m2/org/springframework/ai/spring-ai-autoconfigure-model-chat-memory/1.1.2/spring-ai-autoconfigure-model-chat-memory-1.1.2.jar:/Users/mamengyang/mmy/apache-maven-3.8.9/m2/com/alibaba/cloud/ai/spring-ai-alibaba-starter-dashscope/1.1.2.0/spring-ai-alibaba-starter-dashscope-1.1.2.0.jar:/Users/mamengyang/mmy/apache-maven-3.8.9/m2/com/alibaba/cloud/ai/spring-ai-alibaba-autoconfigure-dashscope/1.1.2.0/spring-ai-alibaba-autoconfigure-dashscope-1.1.2.0.jar:/Users/mamengyang/mmy/apache-maven-3.8.9/m2/com/alibaba/cloud/ai/spring-ai-alibaba-dashscope/1.1.2.0/spring-ai-alibaba-dashscope-1.1.2.0.jar:/Users/mamengyang/mmy/apache-maven-3.8.9/m2/org/springframework/ai/spring-ai-rag/1.1.2/spring-ai-rag-1.1.2.jar:/Users/mamengyang/mmy/apache-maven-3.8.9/m2/org/springframework/ai/spring-ai-vector-store/1.1.2/spring-ai-vector-store-1.1.2.jar:/Users/mamengyang/mmy/apache-maven-3.8.9/m2/commons-codec/commons-codec/1.18.0/commons-codec-1.18.0.jar:/Users/mamengyang/mmy/apache-maven-3.8.9/m2/com/squareup/okhttp3/okhttp/4.12.0/okhttp-4.12.0.jar:/Users/mamengyang/mmy/apache-maven-3.8.9/m2/com/squareup/okio/okio/3.6.0/okio-3.6.0.jar:/Users/mamengyang/mmy/apache-maven-3.8.9/m2/com/squareup/okio/okio-jvm/3.6.0/okio-jvm-3.6.0.jar:/Users/mamengyang/mmy/apache-maven-3.8.9/m2/org/jetbrains/kotlin/kotlin-stdlib-common/1.9.25/kotlin-stdlib-common-1.9.25.jar:/Users/mamengyang/mmy/apache-maven-3.8.9/m2/org/jetbrains/kotlin/kotlin-stdlib-jdk8/1.9.25/kotlin-stdlib-jdk8-1.9.25.jar:/Users/mamengyang/mmy/apache-maven-3.8.9/m2/org/jetbrains/kotlin/kotlin-stdlib/1.9.25/kotlin-stdlib-1.9.25.jar:/Users/mamengyang/mmy/apache-maven-3.8.9/m2/org/jetbrains/annotations/13.0/annotations-13.0.jar:/Users/mamengyang/mmy/apache-maven-3.8.9/m2/org/jetbrains/kotlin/kotlin-stdlib-jdk7/1.9.25/kotlin-stdlib-jdk7-1.9.25.jar:/Users/mamengyang/mmy/apache-maven-3.8.9/m2/com/squareup/okhttp3/logging-interceptor/4.12.0/logging-interceptor-4.12.0.jar:/Users/mamengyang/mmy/apache-maven-3.8.9/m2/org/apache/opennlp/opennlp-tools/2.3.3/opennlp-tools-2.3.3.jar:/Users/mamengyang/mmy/apache-maven-3.8.9/m2/com/baomidou/mybatis-plus-spring-boot3-starter/3.5.12/mybatis-plus-spring-boot3-starter-3.5.12.jar:/Users/mamengyang/mmy/apache-maven-3.8.9/m2/com/baomidou/mybatis-plus/3.5.12/mybatis-plus-3.5.12.jar:/Users/mamengyang/mmy/apache-maven-3.8.9/m2/com/baomidou/mybatis-plus-core/3.5.12/mybatis-plus-core-3.5.12.jar:/Users/mamengyang/mmy/apache-maven-3.8.9/m2/com/baomidou/mybatis-plus-annotation/3.5.12/mybatis-plus-annotation-3.5.12.jar:/Users/mamengyang/mmy/apache-maven-3.8.9/m2/com/baomidou/mybatis-plus-spring/3.5.12/mybatis-plus-spring-3.5.12.jar:/Users/mamengyang/mmy/apache-maven-3.8.9/m2/com/baomidou/mybatis-plus-extension/3.5.12/mybatis-plus-extension-3.5.12.jar:/Users/mamengyang/mmy/apache-maven-3.8.9/m2/org/mybatis/mybatis/3.5.19/mybatis-3.5.19.jar:/Users/mamengyang/mmy/apache-maven-3.8.9/m2/org/mybatis/mybatis-spring/3.0.4/mybatis-spring-3.0.4.jar:/Users/mamengyang/mmy/apache-maven-3.8.9/m2/com/baomidou/mybatis-plus-spring-boot-autoconfigure/3.5.12/mybatis-plus-spring-boot-autoconfigure-3.5.12.jar:/Users/mamengyang/mmy/apache-maven-3.8.9/m2/org/springframework/boot/spring-boot-autoconfigure/3.5.4/spring-boot-autoconfigure-3.5.4.jar:/Users/mamengyang/mmy/apache-maven-3.8.9/m2/org/springframework/boot/spring-boot-starter-jdbc/3.5.4/spring-boot-starter-jdbc-3.5.4.jar:/Users/mamengyang/mmy/apache-maven-3.8.9/m2/com/zaxxer/HikariCP/6.3.1/HikariCP-6.3.1.jar:/Users/mamengyang/mmy/apache-maven-3.8.9/m2/org/springframework/spring-jdbc/6.2.9/spring-jdbc-6.2.9.jar:/Users/mamengyang/mmy/apache-maven-3.8.9/m2/org/springframework/spring-tx/6.2.9/spring-tx-6.2.9.jar:/Users/mamengyang/mmy/apache-maven-3.8.9/m2/org/xerial/sqlite-jdbc/3.46.1.3/sqlite-jdbc-3.46.1.3.jar:/Users/mamengyang/mmy/apache-maven-3.8.9/m2/org/flywaydb/flyway-core/11.7.2/flyway-core-11.7.2.jar:/Users/mamengyang/mmy/apache-maven-3.8.9/m2/com/fasterxml/jackson/dataformat/jackson-dataformat-toml/2.19.2/jackson-dataformat-toml-2.19.2.jar:/Users/mamengyang/mmy/apache-maven-3.8.9/m2/com/fasterxml/jackson/core/jackson-core/2.19.2/jackson-core-2.19.2.jar:/Users/mamengyang/mmy/apache-maven-3.8.9/m2/com/fasterxml/jackson/datatype/jackson-datatype-jsr310/2.19.2/jackson-datatype-jsr310-2.19.2.jar:/Users/mamengyang/mmy/apache-maven-3.8.9/m2/com/fasterxml/jackson/core/jackson-annotations/2.19.2/jackson-annotations-2.19.2.jar:/Users/mamengyang/mmy/apache-maven-3.8.9/m2/org/springframework/security/spring-security-crypto/6.5.2/spring-security-crypto-6.5.2.jar:/Users/mamengyang/mmy/apache-maven-3.8.9/m2/org/projectlombok/lombok/1.18.38/lombok-1.18.38.jar:/Users/mamengyang/mmy/apache-maven-3.8.9/m2/org/springframework/spring-core/6.2.9/spring-core-6.2.9.jar:/Users/mamengyang/mmy/apache-maven-3.8.9/m2/org/springframework/spring-jcl/6.2.9/spring-jcl-6.2.9.jar:/Applications/IntelliJ IDEA.app/Contents/lib/idea_rt.jar
Launcher Type: SUN_STANDARD

[Global flags]
     intx CICompilerCount                          = 4                                         {product} {ergonomic}
     uint ConcGCThreads                            = 2                                         {product} {ergonomic}
     uint G1ConcRefinementThreads                  = 9                                         {product} {ergonomic}
   size_t G1HeapRegionSize                         = 2097152                                   {product} {ergonomic}
    uintx GCDrainStackTargetSize                   = 64                                        {product} {ergonomic}
   size_t InitialHeapSize                          = 268435456                                 {product} {ergonomic}
     bool ManagementServer                         = true                                      {product} {command line}
   size_t MarkStackSize                            = 4194304                                   {product} {ergonomic}
   size_t MaxHeapSize                              = 4294967296                                {product} {ergonomic}
   size_t MaxNewSize                               = 2575302656                                {product} {ergonomic}
   size_t MinHeapDeltaBytes                        = 2097152                                   {product} {ergonomic}
   size_t MinHeapSize                              = 8388608                                   {product} {ergonomic}
    uintx NonNMethodCodeHeapSize                   = 16384                                  {pd product} {ergonomic}
    uintx NonProfiledCodeHeapSize                  = 0                                      {pd product} {ergonomic}
     bool ProfileInterpreter                       = false                                  {pd product} {command line}
    uintx ProfiledCodeHeapSize                     = 0                                      {pd product} {ergonomic}
   size_t SoftMaxHeapSize                          = 4294967296                             {manageable} {ergonomic}
     intx TieredStopAtLevel                        = 1                                         {product} {command line}
     bool UseCompressedOops                        = true                           {product lp64_product} {ergonomic}
     bool UseG1GC                                  = true                                      {product} {ergonomic}
     bool UseNUMA                                  = false                                     {product} {ergonomic}
     bool UseNUMAInterleaving                      = false                                     {product} {ergonomic}

Logging:
Log output configuration:
 #0: stdout all=warning uptime,level,tags foldmultilines=false
 #1: stderr all=off uptime,level,tags foldmultilines=false

Release file:
IMPLEMENTOR="Azul Systems, Inc."
IMPLEMENTOR_VERSION="Zulu21.50+19-CA"
JAVA_RUNTIME_VERSION="21.0.11+10-LTS"
JAVA_VERSION="21.0.11"
JAVA_VERSION_DATE="2026-04-21"
LIBC="default"
MODULES="java.base com.azul.tooling java.logging java.management java.security.sasl java.naming jdk.jfr com.azul.crs.client java.compiler java.datatransfer java.xml java.prefs java.desktop java.instrument java.rmi java.management.rmi java.net.http java.scripting java.security.jgss java.transaction.xa java.sql java.sql.rowset java.xml.crypto java.se java.smartcardio jdk.accessibility jdk.internal.jvmstat jdk.attach jdk.charsets jdk.internal.opt jdk.zipfs jdk.compiler jdk.crypto.ec jdk.crypto.cryptoki jdk.dynalink jdk.internal.ed jdk.editpad jdk.hotspot.agent jdk.httpserver jdk.incubator.vector jdk.internal.le jdk.internal.vm.ci jdk.internal.vm.compiler jdk.internal.vm.compiler.management jdk.jartool jdk.javadoc jdk.jcmd jdk.management jdk.management.agent jdk.jconsole jdk.jdeps jdk.jdwp.agent jdk.jdi jdk.jlink jdk.jpackage jdk.jshell jdk.jsobject jdk.jstatd jdk.localedata jdk.management.jfr jdk.naming.dns jdk.naming.rmi jdk.net jdk.nio.mapmode jdk.random jdk.sctp jdk.security.auth jdk.security.jgss jdk.unsupported jdk.unsupported.desktop jdk.xml.dom"
OS_ARCH="aarch64"
OS_NAME="Darwin"
SOURCE=".:git:ffff125054c5"

Environment Variables:
JAVA_HOME=/Library/Java/JavaVirtualMachines/zulu-21.jdk/Contents/Home
PATH=/Users/mamengyang/.grok/bin:/Users/mamengyang/.nvm/versions/node/v22.22.0/bin:/Users/mamengyang/mmy/apache-maven-3.8.9/bin:/Library/Java/JavaVirtualMachines/zulu-21.jdk/Contents/Home/bin:/Users/mamengyang/.local/bin:/opt/homebrew/bin:/opt/homebrew/sbin:/usr/local/bin:/System/Cryptexes/App/usr/bin:/usr/bin:/bin:/usr/sbin:/sbin:/var/run/com.apple.security.cryptexd/codex.system/bootstrap/usr/local/bin:/var/run/com.apple.security.cryptexd/codex.system/bootstrap/usr/bin:/var/run/com.apple.security.cryptexd/codex.system/bootstrap/usr/appleinternal/bin:/pkg/env/global/bin:/Users/mamengyang/.orbstack/bin
SHELL=/bin/zsh
LANG=C.UTF-8
TMPDIR=/var/folders/7d/0ry9_q1n4bg69f1d7hk7vyq00000gn/T/

Active Locale:
LC_ALL=C.UTF-8
LC_COLLATE=C.UTF-8
LC_CTYPE=C.UTF-8
LC_MESSAGES=C.UTF-8
LC_MONETARY=C.UTF-8
LC_NUMERIC=C.UTF-8
LC_TIME=C.UTF-8

Signal Handlers:
   SIGSEGV: crash_handler in libjvm.dylib, mask=11100110000111110111111111111111, flags=SA_ONSTACK|SA_RESTART|SA_SIGINFO, unblocked
    SIGBUS: crash_handler in libjvm.dylib, mask=11100110000111110111111111111111, flags=SA_RESTART|SA_SIGINFO, unblocked
    SIGFPE: crash_handler in libjvm.dylib, mask=11100110000111110111111111111111, flags=SA_RESTART|SA_SIGINFO, unblocked
   SIGPIPE: javaSignalHandler in libjvm.dylib, mask=11100110000111110111111111111111, flags=SA_RESTART|SA_SIGINFO, blocked
   SIGXFSZ: javaSignalHandler in libjvm.dylib, mask=11100110000111110111111111111111, flags=SA_RESTART|SA_SIGINFO, blocked
    SIGILL: crash_handler in libjvm.dylib, mask=11100110000111110111111111111111, flags=SA_RESTART|SA_SIGINFO, unblocked
   SIGUSR2: SR_handler in libjvm.dylib, mask=00000000000000000000000000000000, flags=SA_RESTART|SA_SIGINFO, blocked
    SIGHUP: UserHandler in libjvm.dylib, mask=11100110000111110111111111111111, flags=SA_RESTART|SA_SIGINFO, blocked
    SIGINT: UserHandler in libjvm.dylib, mask=11100110000111110111111111111111, flags=SA_RESTART|SA_SIGINFO, blocked
   SIGTERM: UserHandler in libjvm.dylib, mask=11100110000111110111111111111111, flags=SA_RESTART|SA_SIGINFO, blocked
   SIGQUIT: UserHandler in libjvm.dylib, mask=11100110000111110111111111111111, flags=SA_RESTART|SA_SIGINFO, blocked
   SIGTRAP: crash_handler in libjvm.dylib, mask=11100110000111110111111111111111, flags=SA_RESTART|SA_SIGINFO, unblocked


Periodic native trim disabled

---------------  S Y S T E M  ---------------

OS:
uname: Darwin 25.5.0 Darwin Kernel Version 25.5.0: Mon Apr 27 20:41:26 PDT 2026; root:xnu-12377.121.6~2/RELEASE_ARM64_T8132 arm64
OS uptime: 1 days 9:02 hours
rlimit (soft/hard): STACK 8176k/65520k , CORE 0k/infinity , NPROC 2666/4000 , NOFILE 1048576/infinity , AS infinity/infinity , CPU infinity/infinity , DATA infinity/infinity , FSIZE infinity/infinity , MEMLOCK infinity/infinity , RSS infinity/infinity
load average: 4.02 3.71 2.97

CPU: total 10 (initial active 10) 0x61:0x0:0x6f5129ac:0, fp, asimd, aes, pmull, sha1, sha256, crc32, lse, sha3, sha512
machdep.cpu.brand_string:Apple M4
hw.cachelinesize:128
hw.l1icachesize:131072
hw.l1dcachesize:65536
hw.l2cachesize:4194304

Memory: 16k page, physical 16777216k(63936k free), swap 1048576k(451456k free)

vm_info: OpenJDK 64-Bit Server VM (21.0.11+10-LTS) for bsd-aarch64 JRE (21.0.11+10-LTS) (Zulu21.50+19-CA), built on 2026-04-17T21:50:54Z by "zulu_re" with clang Apple LLVM 14.0.3 (clang-1403.0.22.14.1)

END.
